Sample, Time, ACCX, ACCY, ACCZ, MAGX, MAGY, MAGZ, GYRX, GYRY, GYRZ
0,55645.81000,-62.164,36.427,-235.243,-24.445,-412.537,-310.699,6.500,-26.240,10.780
1,55645.109000,-60.207,37.439,-233.266,-32.274,-410.530,-311.547,6.500,-3.240,5.780
2,55645.126000,-59.228,35.415,-235.243,-33.243,-411.489,-311.529,3.500,7.760,3.780
3,55645.149000,-58.249,38.451,-235.243,-28.334,-411.532,-312.600,0.500,0.760,4.780
4,55645.171000,-60.207,37.439,-235.243,-30.334,-410.549,-310.597,2.500,-18.240,4.780
5,55645.189000,-61.185,35.415,-233.266,-22.549,-411.591,-307.780,4.500,-28.240,5.780
6,55645.211000,-64.122,34.403,-235.243,-25.380,-413.494,-312.650,3.500,-24.240,1.780
7,55645.234000,-66.080,36.427,-234.255,-28.403,-411.536,-308.661,0.500,-0.240,-8.220
8,55645.257000,-63.143,35.415,-237.220,-29.346,-413.461,-309.627,-3.500,8.760,-24.220
9,55645.278000,-61.185,35.415,-234.255,-31.286,-411.507,-311.563,-7.500,10.760,-32.220
10,55645.296000,-58.249,34.403,-235.243,-25.459,-410.594,-309.699,-15.500,8.760,-40.220
11,55645.319000,-56.291,35.415,-235.243,-33.236,-408.585,-313.501,-20.500,3.760,-39.220
12,55645.336000,-56.291,37.439,-234.255,-30.326,-409.581,-311.583,-20.500,-6.240,-34.220
13,55645.351000,-55.312,37.439,-237.220,-27.390,-409.607,-311.635,-18.500,-9.240,-23.220
14,55645.370000,-54.333,38.451,-236.232,-28.429,-410.570,-307.677,-14.500,-20.240,-14.220
15,55645.395000,-56.291,38.451,-236.232,-30.343,-411.517,-309.611,-8.500,-14.240,-4.220
16,55645.421000,-57.270,38.451,-234.255,-30.360,-411.518,-308.626,-4.500,4.760,2.780
17,55645.439000,-58.249,36.427,-234.255,-27.442,-411.546,-307.694,-6.500,14.760,4.780
18,55645.461000,-55.312,35.415,-234.255,-26.438,-410.586,-309.681,-11.500,9.760,5.780
19,55645.481000,-56.291,36.427,-237.220,-23.467,-412.546,-310.716,-18.500,-21.240,0.780
20,55645.499000,-58.249,39.462,-236.232,-24.489,-411.572,-308.730,-15.500,-23.240,-0.220
21,55645.526000,-60.207,39.462,-235.243,-31.329,-412.477,-308.608,-9.500,-1.240,2.780
22,55645.545000,-59.228,37.439,-233.266,-30.368,-412.487,-307.641,-5.500,19.760,9.780
23,55645.574000,-58.249,38.451,-238.208,-22.549,-413.526,-306.793,-4.500,3.760,10.780
24,55645.589000,-57.270,38.451,-236.232,-27.373,-409.606,-312.619,-7.500,-15.240,10.780
25,55645.605000,-60.207,39.462,-236.232,-29.329,-411.524,-311.598,-8.500,-18.240,10.780
26,55645.626000,-61.185,37.439,-235.243,-26.420,-410.585,-310.666,-6.500,-3.240,9.780
27,55645.649000,-60.207,38.451,-235.243,-24.515,-410.605,-307.747,-4.500,-3.240,3.780
28,55645.667000,-62.164,37.439,-237.220,-32.282,-413.434,-309.575,-2.500,-0.240,-0.220
29,55645.689000,-60.207,38.451,-236.232,-30.369,-408.615,-309.614,-1.500,3.760,-2.220
30,55645.714000,-62.164,37.439,-235.243,-24.454,-411.570,-310.700,-4.500,-12.240,-3.220
31,55645.736000,-63.143,38.451,-234.255,-32.325,-414.405,-306.619,-5.500,-16.240,-6.220
32,55645.751000,-62.164,36.427,-234.255,-31.268,-415.377,-310.575,-3.500,-0.240,-11.220
33,55645.769000,-59.228,37.439,-236.232,-31.313,-410.540,-310.580,-7.500,-0.240,-17.220
34,55645.791000,-59.228,38.451,-235.243,-31.286,-411.507,-311.563,-8.500,-9.240,-18.220
35,55645.809000,-61.185,36.427,-234.255,-31.313,-408.604,-311.566,-7.500,-14.240,-21.220
36,55645.826000,-57.270,35.415,-235.243,-26.350,-414.452,-312.632,-10.500,8.760,-19.220
37,55645.854000,-56.291,36.427,-236.232,-27.416,-410.577,-309.664,-12.500,4.760,-16.220
38,55645.874000,-56.291,37.439,-234.255,-28.395,-408.632,-310.634,-13.500,-19.240,-17.220
39,55645.896000,-59.228,36.427,-235.243,-33.235,-412.456,-311.528,-14.500,-19.240,-14.220
40,55645.916000,-57.270,36.427,-233.266,-25.433,-409.625,-311.669,-13.500,4.760,-7.220
41,55645.934000,-54.333,36.427,-235.243,-30.343,-409.582,-310.598,-14.500,8.760,-1.220
42,55645.961000,-55.312,39.462,-236.232,-31.348,-406.670,-310.584,-14.500,-6.240,0.780
43,55645.994000,-59.228,38.451,-235.243,-29.372,-412.495,-308.643,-13.500,-27.240,1.780
44,55645.994000,-58.249,37.439,-235.243,-25.485,-411.564,-307.728,-10.500,-5.240,7.780
45,55646.15000,-57.270,37.439,-235.243,-28.394,-412.504,-308.660,-11.500,12.760,13.780
46,55646.27000,-58.249,36.427,-236.232,-28.421,-409.601,-308.663,-10.500,6.760,16.780
47,55646.57000,-58.249,38.451,-236.232,-29.373,-410.559,-309.630,-11.500,5.760,17.780
48,55646.75000,-59.228,38.451,-236.232,-31.313,-410.540,-310.580,-13.500,4.760,14.780
49,55646.95000,-59.228,37.439,-235.243,-34.196,-412.446,-312.495,-13.500,-2.240,12.780
50,55646.115000,-60.207,37.439,-233.266,-35.235,-413.409,-308.538,-11.500,13.760,16.780
51,55646.137000,-58.249,39.462,-236.232,-35.287,-411.476,-306.570,-12.500,15.760,19.780
52,55646.155000,-58.249,39.462,-236.232,-32.326,-408.597,-309.580,-11.500,-3.240,21.780
53,55646.177000,-61.185,39.462,-235.243,-35.244,-410.505,-309.526,-13.500,-8.240,20.780
54,55646.205000,-61.185,38.451,-236.232,-32.352,-409.567,-307.609,-14.500,13.760,18.780
55,55646.225000,-59.228,38.451,-238.208,-31.339,-409.574,-309.596,-14.500,9.760,13.780
56,55646.242000,-61.185,38.451,-238.208,-37.245,-407.586,-308.509,-11.500,-6.240,11.780
57,55646.265000,-61.185,40.474,-237.220,-32.300,-409.564,-310.563,-10.500,-8.240,7.780
58,55646.287000,-61.185,40.474,-236.232,-36.162,-411.461,-312.462,-7.500,-0.240,6.780
59,55646.305000,-61.185,39.462,-238.208,-32.300,-409.564,-310.563,-6.500,6.760,6.780
60,55646.322000,-59.228,41.486,-238.208,-32.300,-409.564,-310.563,-6.500,7.760,6.780
61,55646.355000,-60.207,40.474,-236.232,-34.265,-412.450,-308.556,-1.500,1.760,6.780
62,55646.374000,-60.207,38.451,-234.255,-35.253,-409.538,-309.527,-0.500,7.760,9.780
63,55646.389000,-58.249,39.462,-235.243,-37.210,-409.520,-309.492,-2.500,1.760,5.780
64,55646.406000,-60.207,38.451,-234.255,-34.257,-409.546,-310.529,-6.500,-8.240,2.780
65,55646.429000,-60.207,39.462,-233.266,-37.150,-406.613,-314.419,-11.500,9.760,2.780
66,55646.462000,-58.249,40.474,-235.243,-34.214,-410.511,-312.497,-14.500,10.760,1.780
67,55646.480000,-57.270,42.498,-235.243,-30.344,-405.710,-312.571,-13.500,-11.240,-0.220
68,55646.499000,-58.249,41.486,-234.255,-35.227,-408.569,-311.497,-12.500,-14.240,0.780
69,55646.507000,-60.207,41.486,-235.243,-37.140,-411.452,-312.444,-8.500,-0.240,5.780
70,55646.530000,-58.249,42.498,-235.243,-32.283,-409.563,-311.548,-5.500,7.760,11.780
71,55646.550000,-57.270,40.474,-235.243,-37.158,-409.517,-312.446,-4.500,1.760,16.780
72,55646.570000,-59.228,41.486,-234.255,-40.137,-408.525,-310.426,-3.500,2.760,17.780
73,55646.590000,-57.270,40.474,-233.266,-33.217,-412.455,-312.513,-5.500,-3.240,14.780
74,55646.611000,-59.228,40.474,-234.255,-34.249,-406.642,-312.501,-7.500,-5.240,12.780
75,55646.632000,-59.228,41.486,-235.243,-40.093,-411.426,-311.408,-10.500,1.760,9.780
76,55646.661000,-61.185,42.498,-235.243,-38.206,-407.577,-309.477,-13.500,1.760,6.780
77,55646.675000,-60.207,39.462,-234.255,-32.292,-408.595,-311.549,-16.500,-2.240,2.780
78,55646.696000,-59.228,40.474,-237.220,-34.240,-409.545,-311.514,-18.500,-15.240,-3.220
79,55646.716000,-60.207,42.498,-236.232,-45.012,-410.416,-310.337,-17.500,-20.240,-8.220
80,55646.730000,-61.185,42.498,-237.220,-40.163,-409.495,-308.455,-11.500,-3.240,-10.220
81,55646.752000,-61.185,41.486,-238.208,-39.184,-409.503,-308.473,-8.500,16.760,-10.220
82,55646.784000,-56.291,42.498,-236.232,-40.102,-408.523,-312.395,-5.500,11.760,-5.220
83,55646.797000,-56.291,40.474,-237.220,-36.249,-407.594,-309.511,-1.500,3.760,0.780
84,55646.820000,-57.270,41.486,-237.220,-34.222,-409.544,-312.498,1.500,7.760,1.780
85,55646.836000,-57.270,43.510,-236.232,-32.326,-408.597,-309.580,2.500,10.760,1.780
86,55646.862000,-58.249,41.486,-236.232,-42.111,-408.508,-309.407,2.500,12.760,-0.220
87,55646.886000,-56.291,40.474,-235.243,-38.207,-405.641,-310.463,-0.500,1.760,0.780
88,55646.902000,-58.249,40.474,-236.232,-34.258,-405.674,-312.502,2.500,-7.240,-0.220
89,55646.925000,-57.270,40.474,-233.266,-34.284,-406.644,-310.532,3.500,5.760,-1.220
90,55646.942000,-54.333,39.462,-234.255,-34.187,-411.478,-313.481,1.500,25.760,4.780
91,55646.965000,-56.291,40.474,-235.243,-40.085,-408.522,-313.380,-2.500,13.760,7.780
92,55646.987000,-56.291,40.474,-233.266,-37.158,-407.582,-313.433,-4.500,-5.240,7.780
93,55647.14000,-59.228,40.474,-235.243,-33.305,-408.588,-309.562,-5.500,-13.240,6.780
94,55647.20000,-59.228,40.474,-236.232,-35.262,-408.571,-309.528,-6.500,-10.240,4.780
95,55647.47000,-59.228,41.486,-235.243,-35.271,-407.603,-309.529,-6.500,3.760,1.780
96,55647.70000,109.155,290.403,-96.865,-36.043,-399.840,-325.275,-73.500,50.760,-27.220
97,55647.92000,47.480,20.237,-176.927,-44.119,-414.301,-303.458,-808.500,-1020.240,1131.780
98,55647.130000,-222.715,35.415,-260.942,-51.026,-422.953,-295.450,-133.500,-1323.240,7.780
99,55647.144000,-134.608,10.119,-261.931,-38.316,-418.230,-297.649,166.500,344.760,-99.220
100,55647.157000,-40.627,1.012,-244.139,-38.221,-415.321,-304.545,149.500,673.760,13.780
101,55647.172000,-42.585,123.447,-228.324,-43.064,-407.530,-311.360,-160.500,446.760,14.780
102,55647.201000,-44.543,36.427,-256.000,-46.952,-408.461,-312.274,-55.500,316.760,40.780
103,55647.207000,-52.375,59.700,-263.907,-46.952,-406.525,-313.261,-52.500,22.760,-48.220
104,55647.232000,-69.996,49.581,-262.919,-46.051,-409.442,-307.367,-10.500,-114.240,-43.220
105,55647.250000,-69.017,53.628,-255.012,-47.904,-409.419,-313.241,16.500,11.760,-17.220
106,55647.272000,-59.228,51.605,-250.069,-47.983,-404.583,-311.276,43.500,88.760,8.780
107,55647.290000,-54.333,51.605,-245.127,-43.991,-407.518,-314.297,63.500,89.760,6.780
108,55647.312000,-53.354,50.593,-240.185,-42.078,-404.635,-313.350,77.500,32.760,4.780
109,55647.326000,-55.312,48.569,-237.220,-40.025,-407.551,-317.320,81.500,-18.240,-5.220
110,55647.354000,-57.270,46.545,-234.255,-47.922,-407.484,-313.243,80.500,-23.240,-7.220
111,55647.379000,-60.207,45.534,-231.290,-42.051,-405.601,-314.333,77.500,2.760,-4.220
112,55647.399000,-55.312,41.486,-229.313,-43.983,-404.614,-316.269,75.500,50.760,4.780
113,55647.416000,-52.375,42.498,-227.336,-42.025,-408.504,-314.330,64.500,44.760,1.780
114,55647.439000,-51.396,41.486,-225.359,-38.111,-408.539,-314.400,47.500,4.760,-5.220
115,55647.456000,-54.333,40.474,-228.324,-37.150,-408.549,-313.432,28.500,-30.240,-11.220
116,55647.474000,-55.312,40.474,-229.313,-43.030,-405.592,-314.316,13.500,-10.240,-14.220
117,55647.496000,-52.375,41.486,-228.324,-43.013,-405.591,-315.301,3.500,6.760,-11.220
118,55647.519000,-53.354,40.474,-233.266,-40.068,-406.586,-315.352,-1.500,12.760,-4.220
119,55647.541000,-52.375,41.486,-234.255,-38.198,-404.672,-311.449,-1.500,9.760,-2.220
120,55647.569000,-52.375,42.498,-235.243,-36.216,-403.721,-313.454,1.500,-9.240,3.780
121,55647.582000,-54.333,41.486,-234.255,-34.187,-411.478,-313.481,2.500,-19.240,11.780
122,55647.601000,-55.312,41.486,-237.220,-43.982,-408.486,-314.296,2.500,-20.240,17.780
123,55647.620000,-56.291,43.510,-240.185,-36.137,-406.620,-316.406,4.500,-17.240,17.780
124,55647.637000,-57.270,41.486,-238.208,-38.102,-409.507,-314.399,6.500,-24.240,8.780
125,55647.651000,-59.228,43.510,-238.208,-34.249,-408.578,-311.514,10.500,-25.240,0.780
126,55647.680000,-59.228,42.498,-238.208,-35.176,-406.630,-315.438,14.500,-10.240,1.780
127,55647.702000,-59.228,44.522,-241.174,-40.094,-407.555,-313.381,17.500,-6.240,5.780
128,55647.727000,-56.291,43.510,-241.174,-40.111,-407.556,-312.396,23.500,-21.240,5.780
129,55647.745000,-56.291,43.510,-238.208,-34.188,-409.542,-314.468,30.500,-43.240,1.780
130,55647.762000,-61.185,42.498,-235.243,-33.272,-402.779,-314.492,35.500,-23.240,3.780
131,55647.785000,-58.249,41.486,-237.220,-40.050,-408.520,-315.350,34.500,-9.240,3.780
132,55647.805000,-56.291,41.486,-236.232,-39.150,-409.501,-310.442,35.500,-18.240,-3.220
133,55647.830000,-58.249,40.474,-234.255,-40.084,-410.458,-312.393,34.500,-20.240,-7.220
134,55647.866000,-59.228,39.462,-234.255,-38.189,-407.576,-310.462,32.500,-10.240,-7.220
135,55647.880000,-57.270,43.510,-235.243,-35.175,-410.502,-313.465,36.500,-16.240,-13.220
136,55647.908000,-60.207,40.474,-232.278,-33.253,-406.650,-313.503,37.500,-8.240,-12.220
137,55647.908000,-58.249,38.451,-234.255,-34.205,-409.543,-313.483,31.500,8.760,-6.220
138,55647.935000,-55.312,39.462,-237.220,-34.232,-406.641,-313.486,28.500,-4.240,-8.220
139,55647.956000,-55.312,39.462,-236.232,-35.262,-408.571,-309.528,24.500,-42.240,-16.220
140,55647.971000,-58.249,40.474,-236.232,-34.188,-409.542,-314.468,30.500,-26.240,-16.220
141,55647.995000,-61.185,39.462,-237.220,-34.179,-410.509,-314.467,34.500,18.760,-6.220
142,55648.7000,-55.312,39.462,-238.208,-36.197,-409.527,-311.479,37.500,-0.240,-3.220
143,55648.29000,-56.291,39.462,-239.197,-34.275,-407.611,-310.531,40.500,-16.240,-2.220
144,55648.50000,-59.228,38.451,-237.220,-34.179,-410.509,-314.467,40.500,-14.240,0.780
145,55648.75000,-57.270,38.451,-241.174,-30.351,-410.550,-309.612,40.500,-11.240,1.780
146,55648.92000,-59.228,40.474,-237.220,-33.243,-413.425,-310.542,48.500,-29.240,-1.220
147,55648.115000,-59.228,37.439,-234.255,-35.262,-408.571,-309.528,57.500,-9.240,0.780
148,55648.142000,-57.270,37.439,-235.243,-33.260,-413.426,-309.557,55.500,9.760,8.780
149,55648.157000,-55.312,38.451,-235.243,-31.295,-410.539,-311.564,53.500,-1.240,9.780
150,55648.180000,-59.228,36.427,-233.266,-34.231,-410.512,-311.513,48.500,-33.240,3.780
151,55648.197000,-61.185,35.415,-232.278,-33.330,-409.558,-307.592,37.500,-16.240,1.780
152,55648.216000,-56.291,37.439,-234.255,-33.287,-408.587,-310.547,30.500,-10.240,-0.220
153,55648.240000,-57.270,38.451,-232.278,-33.270,-408.587,-311.532,28.500,-22.240,-5.220
154,55648.272000,-59.228,34.403,-230.301,-32.300,-409.564,-310.563,30.500,-24.240,-5.220
155,55648.291000,-56.291,35.415,-233.266,-27.355,-411.541,-312.617,26.500,-0.240,5.780
156,55648.310000,-55.312,36.427,-236.232,-27.346,-414.444,-311.630,22.500,-17.240,11.780
157,55648.327000,-60.207,35.415,-235.243,-30.343,-409.582,-310.598,24.500,-45.240,11.780
158,55648.352000,-63.143,35.415,-233.266,-29.416,-411.529,-306.674,27.500,-19.240,9.780
159,55648.367000,-60.207,35.415,-233.266,-32.291,-412.467,-309.576,26.500,6.760,7.780
160,55648.390000,-60.207,35.415,-237.220,-25.476,-410.595,-308.714,21.500,4.760,3.780
161,55648.411000,-61.185,36.427,-236.232,-27.373,-411.542,-311.633,19.500,7.760,3.780
162,55648.429000,-58.249,34.403,-238.208,-30.325,-411.516,-310.596,17.500,6.760,3.780
163,55648.451000,-58.249,35.415,-237.220,-32.291,-412.467,-309.576,18.500,-18.240,0.780
164,55648.469000,-62.164,35.415,-234.255,-31.382,-408.608,-307.627,20.500,-17.240,-0.220
165,55648.485000,-62.164,34.403,-234.255,-25.450,-411.562,-309.698,22.500,10.760,3.780
166,55648.515000,-56.291,34.403,-236.232,-28.369,-409.598,-311.617,21.500,-1.240,3.780
167,55648.544000,-59.228,34.403,-239.197,-26.411,-413.488,-309.678,22.500,-29.240,-0.220
168,55648.581000,-63.143,35.415,-238.208,-22.453,-414.489,-311.716,29.500,-7.240,-8.220
169,55648.581000,-61.185,31.368,-237.220,-27.416,-412.512,-308.677,32.500,23.760,-5.220
170,55648.591000,-58.249,33.391,-239.197,-27.407,-411.544,-309.663,29.500,23.760,-5.220
171,55648.609000,-58.249,34.403,-236.232,-24.507,-409.637,-308.732,32.500,2.760,-6.220
172,55648.631000,-60.207,31.368,-233.266,-23.441,-411.577,-312.687,32.500,-23.240,-7.220
173,55648.649000,-62.164,31.368,-235.243,-30.299,-414.419,-310.593,29.500,-13.240,-4.220
174,55648.662000,-59.228,32.379,-236.232,-26.420,-412.520,-309.679,27.500,-14.240,-5.220
175,55648.690000,-62.164,32.379,-232.278,-25.424,-412.528,-310.682,28.500,-8.240,-13.220
176,55648.712000,-60.207,30.356,-233.266,-26.358,-415.421,-311.646,18.500,8.760,-14.220
177,55648.742000,-56.291,31.368,-236.232,-18.635,-411.626,-307.849,14.500,-14.240,-15.220
178,55648.752000,-58.249,31.368,-233.266,-20.566,-412.575,-308.799,15.500,-24.240,-16.220
179,55648.775000,-61.185,29.344,-232.278,-23.449,-414.481,-310.714,13.500,-6.240,-12.220
180,55648.797000,-57.270,30.356,-236.232,-21.492,-414.499,-310.749,9.500,6.760,-7.220
181,55648.815000,-56.291,31.368,-237.220,-29.381,-411.527,-308.644,8.500,-23.240,-7.220
182,55648.840000,-59.228,32.379,-237.220,-26.481,-409.620,-307.713,8.500,-31.240,-8.220
183,55648.867000,-57.270,32.379,-236.232,-24.463,-412.538,-309.714,14.500,-9.240,-5.220
184,55648.881000,-58.249,34.403,-237.220,-18.635,-413.562,-306.863,19.500,6.760,2.780
185,55648.919000,-58.249,33.391,-237.220,-21.528,-410.629,-310.753,20.500,26.760,10.780
186,55648.919000,-57.270,32.379,-235.243,-22.488,-412.555,-310.733,20.500,28.760,12.780
187,55648.940000,-56.291,30.356,-233.266,-19.536,-410.645,-312.757,16.500,15.760,12.780
188,55648.957000,-57.270,27.320,-238.208,-17.587,-415.503,-309.832,12.500,-10.240,9.780
189,55648.980000,-60.207,30.356,-237.220,-20.531,-414.509,-309.781,15.500,-15.240,11.780
190,55649.2000,-62.164,29.344,-235.243,-19.666,-411.620,-304.878,18.500,19.760,12.780
191,55649.20000,-59.228,28.332,-235.243,-19.596,-411.616,-308.817,19.500,25.760,13.780
192,55649.52000,-56.291,28.332,-238.208,-19.570,-414.518,-308.814,17.500,8.760,10.780
193,55649.67000,-57.270,29.344,-235.243,-28.298,-415.402,-312.596,10.500,-13.240,7.780
194,55649.99000,-59.228,29.344,-236.232,-21.528,-410.629,-310.753,4.500,-12.240,3.780
195,55649.101000,-59.228,30.356,-235.243,-22.487,-416.427,-308.760,4.500,-8.240,1.780
196,55649.120000,-61.185,33.391,-235.243,-25.520,-409.630,-306.745,6.500,6.760,-0.220
197,55649.142000,-57.270,33.391,-237.220,-19.596,-411.616,-308.817,7.500,15.760,2.780
198,55649.170000,-56.291,31.368,-237.220,-17.552,-413.565,-312.789,8.500,-2.240,4.780
199,55649.188000,-59.228,31.368,-236.232,-23.502,-412.548,-308.747,11.500,-6.240,8.780
200,55649.219000,-59.228,32.379,-237.220,-20.496,-414.507,-311.751,15.500,-0.240,11.780
201,55649.234000,-60.207,31.368,-237.220,-19.579,-413.551,-308.815,18.500,8.760,12.780
202,55649.247000,-59.228,29.344,-237.220,-19.519,-410.644,-313.742,18.500,8.760,8.780
203,55649.267000,-62.164,29.344,-238.208,-24.454,-411.570,-310.700,18.500,11.760,-0.220
204,55649.284000,-60.207,28.332,-238.208,-24.437,-413.505,-310.698,14.500,8.760,-5.220
205,55649.315000,-60.207,30.356,-236.232,-23.450,-412.545,-311.701,9.500,6.760,-11.220
206,55649.324000,-57.270,29.344,-237.220,-25.381,-409.622,-314.624,7.500,-6.240,-16.220
207,55649.346000,-56.291,30.356,-238.208,-24.498,-410.604,-308.731,7.500,-17.240,-18.220
208,55649.366000,-60.207,30.356,-234.255,-18.557,-414.525,-310.801,11.500,-15.240,-17.220
209,55649.394000,-58.249,29.344,-234.255,-17.597,-408.728,-312.793,13.500,10.760,-11.220
210,55649.425000,-56.291,29.344,-237.220,-21.527,-412.565,-309.766,13.500,24.760,-8.220
211,55649.432000,-54.333,28.332,-236.232,-20.471,-411.601,-314.708,10.500,5.760,-3.220
212,55649.455000,-57.270,29.344,-235.243,-19.563,-407.743,-312.760,8.500,-12.240,-3.220
213,55649.471000,-60.207,28.332,-235.243,-16.661,-409.707,-309.855,6.500,-21.240,-6.220
214,55649.492000,-60.207,31.368,-235.243,-15.657,-410.682,-310.857,7.500,0.760,-7.220
215,55649.506000,-57.270,28.332,-235.243,-23.459,-411.578,-311.702,6.500,21.760,-6.220
216,55649.534000,-57.270,28.332,-238.208,-21.553,-413.534,-307.796,0.500,3.760,-4.220
217,55649.556000,-59.228,29.344,-236.232,-24.445,-412.537,-310.699,0.500,-15.240,-4.220
218,55649.574000,-60.207,29.344,-236.232,-21.527,-412.565,-309.766,3.500,-9.240,-6.220
219,55649.596000,-57.270,27.320,-236.232,-18.574,-412.591,-310.803,5.500,2.760,-4.220
220,55649.619000,-58.249,26.308,-238.208,-14.756,-409.728,-306.936,2.500,-2.240,-1.220
221,55649.651000,-59.228,29.344,-238.208,-15.639,-412.617,-310.855,0.500,-14.240,-3.220
222,55649.680000,-60.207,27.320,-235.243,-21.536,-411.597,-309.767,1.500,-16.240,-3.220
223,55649.692000,-57.270,27.320,-237.220,-20.522,-415.476,-309.780,-1.500,-8.240,-6.220
224,55649.710000,-56.291,29.344,-236.232,-15.639,-412.617,-310.855,-2.500,-17.240,-9.220
225,55649.739000,-57.270,28.332,-234.255,-18.558,-410.654,-312.774,-4.500,-31.240,-8.220
226,55649.742000,-55.312,25.296,-234.255,-22.541,-410.622,-308.766,-8.500,-33.240,-0.220
227,55649.767000,-50.417,27.320,-236.232,-20.565,-416.446,-306.825,-21.500,-109.240,3.780
228,55649.784000,-58.249,27.320,-233.266,-18.617,-415.497,-306.861,-28.500,-162.240,7.780
229,55649.804000,-66.080,28.332,-233.266,-17.673,-417.443,-303.922,-30.500,-151.240,5.780
230,55649.831000,-69.996,27.320,-234.255,-23.526,-417.389,-304.803,-24.500,-77.240,2.780
231,55649.854000,-68.038,28.332,-240.185,-18.625,-416.465,-305.875,-16.500,15.760,2.780
232,55649.876000,-64.122,28.332,-240.185,-18.608,-418.400,-305.873,-2.500,49.760,-0.220
233,55649.887000,-61.185,28.332,-236.232,-24.566,-414.480,-302.819,2.500,51.760,-1.220
234,55649.905000,-58.249,28.332,-238.208,-21.474,-416.433,-310.747,0.500,38.760,0.780
235,55649.930000,-58.249,29.344,-239.197,-18.652,-413.563,-305.878,-0.500,11.760,-0.220
236,55649.951000,-59.228,30.356,-236.232,-20.593,-409.673,-308.801,-3.500,-2.240,-0.220
237,55649.960000,-61.185,31.368,-236.232,-21.561,-414.503,-306.810,-5.500,-2.240,4.780
238,55649.979000,-59.228,31.368,-239.197,-18.573,-416.462,-308.829,-4.500,0.760,3.780
239,55650.11000,-61.185,31.368,-239.197,-23.501,-416.420,-306.773,0.500,-8.240,3.780
240,55650.31000,-60.207,30.356,-235.243,-21.605,-413.537,-304.841,4.500,6.760,7.780
241,55650.51000,-60.207,29.344,-238.208,-25.458,-414.466,-307.725,6.500,9.760,10.780
242,55650.76000,-59.228,29.344,-237.220,-19.604,-414.520,-306.844,8.500,8.760,14.780
243,55650.91000,-61.185,29.344,-235.243,-19.569,-418.390,-306.840,8.500,6.760,13.780
244,55650.129000,-61.185,28.332,-235.243,-14.703,-415.532,-306.930,9.500,13.760,11.780
245,55650.148000,-59.228,29.344,-234.255,-24.453,-415.441,-308.726,5.500,8.760,6.780
246,55650.161000,-60.207,29.344,-233.266,-25.441,-414.465,-308.710,2.500,7.760,5.780
247,55650.179000,-60.207,27.320,-236.232,-19.570,-414.518,-308.814,-8.500,-0.240,6.780
248,55650.201000,-61.185,29.344,-237.220,-22.549,-411.591,-307.780,-12.500,-4.240,2.780
249,55650.224000,-61.185,29.344,-235.243,-21.474,-416.433,-310.747,-13.500,-12.240,-1.220
250,55650.236000,-61.185,29.344,-237.220,-16.643,-415.513,-307.880,-11.500,-18.240,-6.220
251,55650.259000,-61.185,28.332,-240.185,-25.476,-412.531,-307.727,-3.500,-10.240,-4.220
252,55650.277000,-62.164,29.344,-239.197,-22.592,-412.561,-304.825,-2.500,10.760,2.780
253,55650.299000,-60.207,29.344,-236.232,-26.463,-413.491,-306.724,-1.500,2.760,2.780
254,55650.327000,-60.207,31.368,-237.220,-18.592,-410.656,-310.805,-1.500,-4.240,0.780
255,55650.342000,-60.207,28.332,-236.232,-20.609,-415.481,-304.857,-1.500,-4.240,-5.220
256,55650.365000,-60.207,30.356,-238.208,-26.497,-415.428,-303.768,-2.500,-6.240,-11.220
257,55650.385000,-58.249,30.356,-239.197,-19.622,-412.586,-306.846,1.500,-13.240,-15.220
258,55650.430000,-60.207,30.356,-234.255,-22.540,-414.494,-306.792,2.500,-7.240,-9.220
259,55650.444000,-61.185,31.368,-236.232,-20.582,-416.447,-305.840,3.500,6.760,-3.220
260,55650.446000,-60.207,31.368,-236.232,-18.617,-415.497,-306.861,7.500,3.760,-4.220
261,55650.464000,-60.207,30.356,-234.255,-18.660,-414.531,-304.892,4.500,2.760,-3.220
262,55650.487000,-58.249,27.320,-234.255,-18.582,-417.431,-307.844,-1.500,1.760,-0.220
263,55650.515000,-58.249,29.344,-236.232,-18.625,-416.465,-305.875,-4.500,-7.240,-0.220
264,55650.529000,-63.143,29.344,-233.266,-20.557,-415.478,-307.811,-8.500,-33.240,-6.220
265,55650.546000,-63.143,29.344,-236.232,-16.695,-413.581,-305.912,-10.500,-13.240,-3.220
266,55650.569000,-60.207,27.320,-237.220,-16.573,-419.381,-309.846,-9.500,25.760,0.780
267,55650.589000,-57.270,29.344,-239.197,-24.428,-414.472,-310.697,-11.500,11.760,-3.220
268,55650.607000,-62.164,30.356,-238.208,-13.655,-417.473,-309.900,-9.500,-30.240,-12.220
269,55650.621000,-63.143,30.356,-237.220,-19.631,-413.554,-305.861,-4.500,-13.240,-9.220
270,55650.639000,-59.228,29.344,-238.208,-23.466,-414.482,-309.729,-0.500,15.760,-2.220
271,55650.686000,-57.270,30.356,-240.185,-21.509,-414.500,-309.764,-0.500,9.760,-3.220
272,55650.705000,-60.207,30.356,-238.208,-17.665,-414.539,-305.894,-1.500,-16.240,-7.220
273,55650.714000,-60.207,29.344,-237.220,-18.556,-418.397,-308.827,2.500,-13.240,-4.220
274,55650.736000,-60.207,29.344,-236.232,-13.777,-413.608,-304.980,11.500,6.760,3.780
275,55650.751000,-59.228,30.356,-234.255,-13.664,-416.506,-309.901,18.500,20.760,9.780
276,55650.776000,-58.249,29.344,-235.243,-21.614,-412.570,-304.842,19.500,16.760,12.780
277,55650.796000,-58.249,28.332,-232.278,-17.631,-412.601,-308.850,16.500,1.760,15.780
278,55650.821000,-59.228,27.320,-233.266,-22.505,-414.492,-308.762,4.500,-12.240,20.780
279,55650.840000,-59.228,26.308,-235.243,-22.470,-416.426,-309.745,-5.500,-23.240,18.780
280,55650.860000,-63.143,28.332,-235.243,-13.742,-413.606,-306.949,-9.500,-44.240,14.780
281,55650.877000,-67.059,28.332,-236.232,-24.550,-410.607,-305.777,-12.500,-36.240,2.780
282,55650.895000,-65.101,29.344,-236.232,-22.567,-411.591,-306.795,-13.500,1.760,-7.220
283,55650.917000,-61.185,29.344,-238.208,-24.531,-414.478,-304.788,-14.500,3.760,-16.220
284,55650.935000,-61.185,29.344,-239.197,-17.647,-416.474,-305.892,-18.500,-27.240,-21.220
285,55650.957000,-64.122,30.356,-238.208,-15.673,-414.555,-307.898,-16.500,-22.240,-22.220
286,55650.977000,-62.164,30.356,-236.232,-26.453,-416.394,-305.737,-9.500,-5.240,-19.220
287,55650.997000,-60.207,31.368,-239.197,-19.639,-412.587,-305.862,-4.500,-9.240,-16.220
288,55651.20000,-61.185,31.368,-238.208,-25.475,-414.467,-306.741,0.500,-8.240,-15.220
289,55651.36000,-61.185,31.368,-236.232,-21.570,-415.471,-305.824,6.500,7.760,-8.220
290,55651.62000,-59.228,29.344,-237.220,-17.639,-415.506,-306.878,6.500,10.760,-6.220
291,55651.108000,-60.207,30.356,-238.208,-20.547,-418.381,-306.823,10.500,-1.240,-7.220
292,55651.108000,-61.185,30.356,-233.266,-15.665,-413.587,-308.884,12.500,14.760,-1.220
293,55651.125000,-59.228,28.332,-233.266,-21.604,-415.473,-303.854,12.500,23.760,2.780
294,55651.152000,-56.291,29.344,-238.208,-12.694,-415.547,-309.919,6.500,-7.240,0.780
295,55651.167000,-60.207,30.356,-235.243,-16.755,-414.552,-301.972,1.500,-29.240,-1.220
296,55651.192000,-64.122,27.320,-235.243,-15.647,-415.521,-308.882,-1.500,-23.240,-2.220
297,55651.209000,-63.143,30.356,-237.220,-13.663,-418.441,-308.914,1.500,8.760,-3.220
298,55651.226000,-60.207,28.332,-238.208,-21.535,-415.469,-307.794,2.500,19.760,-2.220
299,55651.249000,-60.207,29.344,-237.220,-18.582,-415.495,-308.830,2.500,6.760,-4.220
300,55651.271000,-60.207,29.344,-237.220,-18.608,-416.464,-306.860,1.500,-4.240,-7.220
301,55651.280000,-61.185,30.356,-238.208,-20.539,-417.413,-307.809,0.500,-6.240,-8.220
302,55651.294000,-61.185,30.356,-237.220,-16.686,-416.484,-304.925,6.500,2.760,-10.220
303,55651.326000,-62.164,31.368,-237.220,-16.582,-416.478,-310.833,9.500,17.760,-8.220
304,55651.345000,-61.185,29.344,-239.197,-22.575,-412.560,-305.810,15.500,25.760,-5.220
305,55651.366000,-59.228,30.356,-235.243,-19.561,-415.486,-308.813,15.500,20.760,-4.220
306,55651.386000,-59.228,27.320,-236.232,-17.630,-414.537,-307.864,14.500,7.760,-0.220
307,55651.406000,-61.185,30.356,-236.232,-14.739,-411.663,-306.934,13.500,8.760,3.780
308,55651.436000,-61.185,28.332,-236.232,-18.669,-413.564,-304.893,11.500,0.760,-1.220
309,55651.465000,-62.164,28.332,-236.232,-19.569,-416.454,-307.827,9.500,11.760,-8.220
310,55651.475000,-62.164,26.308,-236.232,-9.759,-413.638,-310.957,2.500,19.760,-17.220
311,55651.495000,-59.228,26.308,-238.208,-17.630,-414.537,-307.864,-3.500,-8.240,-28.220
312,55651.512000,-60.207,28.332,-237.220,-22.445,-413.520,-312.702,-4.500,-18.240,-32.220
313,55651.540000,-60.207,27.320,-238.208,-16.643,-415.513,-307.880,-3.500,-14.240,-28.220
314,55651.559000,-57.270,29.344,-241.174,-11.716,-415.556,-309.936,2.500,-9.240,-26.220
315,55651.591000,-58.249,30.356,-238.208,-14.704,-413.596,-307.917,12.500,-1.240,-17.220
316,55651.600000,-57.270,27.320,-237.220,-18.565,-415.494,-309.815,13.500,2.760,-7.220
317,55651.622000,-56.291,29.344,-235.243,-17.578,-414.534,-310.818,13.500,0.760,-1.220
318,55651.626000,-56.291,27.320,-235.243,-13.760,-411.672,-306.951,6.500,-15.240,-3.220
319,55651.659000,-60.207,27.320,-234.255,-14.756,-411.664,-305.949,1.500,-11.240,-3.220
320,55651.676000,-59.228,27.320,-234.255,-19.518,-414.515,-311.768,-3.500,-9.240,-6.220
321,55651.694000,-60.207,28.332,-236.232,-14.694,-416.500,-306.929,-3.500,-5.240,-6.220
322,55651.721000,-58.249,26.308,-233.266,-13.708,-413.604,-308.919,-5.500,-4.240,-5.220
323,55651.739000,-59.228,28.332,-235.243,-16.678,-413.580,-306.897,-1.500,2.760,-3.220
324,55651.764000,-60.207,27.320,-236.232,-20.670,-412.581,-302.890,-1.500,-0.240,4.780
325,55651.794000,-58.249,27.320,-237.220,-13.769,-412.640,-305.965,-4.500,-5.240,9.780
326,55651.796000,-61.185,27.320,-236.232,-13.725,-413.605,-307.934,-6.500,-28.240,5.780
327,55651.817000,-64.122,26.308,-235.243,-16.643,-415.513,-307.880,-5.500,-13.240,0.780
328,55651.840000,-63.143,27.320,-238.208,-17.665,-414.539,-305.894,-9.500,18.760,0.780
329,55651.857000,-63.143,28.332,-239.197,-16.661,-413.579,-307.882,-10.500,31.760,-4.220
330,55651.885000,-64.122,28.332,-241.174,-14.704,-413.596,-307.917,-6.500,48.760,-2.220
331,55651.907000,-55.312,28.332,-239.197,-14.651,-415.529,-309.884,0.500,83.760,-2.220
332,55651.940000,-53.354,28.332,-238.208,-8.815,-413.649,-309.005,0.500,29.760,-6.220
333,55651.944000,-57.270,28.332,-237.220,-13.673,-413.602,-310.888,-1.500,-47.240,-6.220
334,55651.956000,-63.143,28.332,-235.243,-19.579,-411.615,-309.802,0.500,-45.240,0.780
335,55651.984000,-60.207,27.320,-236.232,-19.526,-415.484,-310.782,4.500,5.760,9.780
336,55652.6000,-56.291,29.344,-235.243,-14.730,-412.630,-306.933,4.500,-1.240,8.780
337,55652.29000,-60.207,27.320,-237.220,-9.820,-410.738,-308.991,7.500,-11.240,6.780
338,55652.49000,-59.228,26.308,-236.232,-10.703,-413.627,-312.910,2.500,-15.240,3.780
339,55652.69000,-59.228,28.332,-236.232,-15.639,-414.553,-309.868,3.500,-16.240,1.780
340,55652.94000,-62.164,27.320,-235.243,-15.726,-412.622,-305.931,2.500,-2.240,4.780
341,55652.111000,-58.249,25.296,-237.220,-16.625,-415.513,-308.865,3.500,24.760,9.780
342,55652.134000,-57.270,28.332,-237.220,-14.626,-412.624,-312.841,0.500,-14.240,5.780
343,55652.157000,-62.164,27.320,-237.220,-16.669,-412.611,-307.883,-0.500,-41.240,6.780
344,55652.171000,-64.122,27.320,-239.197,-14.712,-414.565,-306.931,1.500,-10.240,7.780
345,55652.194000,-63.143,28.332,-239.197,-17.639,-413.570,-307.865,5.500,12.760,6.780
346,55652.226000,-59.228,26.308,-236.232,-19.552,-414.517,-309.799,7.500,9.760,1.780
347,55652.245000,-56.291,26.308,-237.220,-19.623,-410.650,-307.833,3.500,0.760,0.780
348,55652.273000,-58.249,27.320,-237.220,-12.703,-414.580,-309.920,0.500,-28.240,0.780
349,55652.276000,-62.164,27.320,-234.255,-13.682,-414.571,-309.902,-0.500,-26.240,1.780
350,55652.299000,-61.185,29.344,-236.232,-19.544,-413.549,-310.784,0.500,2.760,4.780
351,55652.319000,-58.249,28.332,-236.232,-19.596,-413.552,-307.830,2.500,-0.240,4.780
352,55652.339000,-59.228,25.296,-236.232,-18.548,-415.493,-310.800,1.500,-13.240,7.780
353,55652.356000,-63.143,27.320,-235.243,-14.677,-416.499,-307.914,-1.500,-11.240,5.780
354,55652.379000,-63.143,26.308,-236.232,-15.665,-413.587,-308.884,0.500,2.760,-2.220
355,55652.396000,-61.185,25.296,-234.255,-13.699,-412.636,-309.904,-1.500,9.760,-10.220
356,55652.426000,-59.228,26.308,-235.243,-12.703,-414.580,-309.920,-4.500,20.760,-10.220
357,55652.444000,-58.249,26.308,-235.243,-18.539,-416.460,-310.799,-11.500,5.760,-7.220
358,55652.461000,-59.228,28.332,-237.220,-20.557,-413.542,-308.798,-16.500,-17.240,-10.220
359,55652.481000,-63.143,27.320,-236.232,-15.665,-413.587,-308.884,-16.500,-2.240,-12.220
360,55652.505000,-64.122,28.332,-238.208,-14.722,-409.726,-308.905,-9.500,36.760,-11.220
361,55652.526000,-60.207,29.344,-239.197,-18.557,-412.590,-311.787,-6.500,49.760,-8.220
362,55652.546000,-55.312,27.320,-240.185,-8.824,-414.617,-308.019,-8.500,12.760,-7.220
363,55652.569000,-56.291,30.356,-240.185,-16.582,-416.478,-310.833,-5.500,-23.240,-8.220
364,55652.587000,-61.185,29.344,-238.208,-18.609,-412.593,-308.833,-3.500,-11.240,-5.220
365,55652.606000,-59.228,28.332,-237.220,-6.814,-416.568,-310.022,2.500,19.760,1.780
366,55652.628000,-55.312,27.320,-238.208,-16.652,-412.610,-308.868,5.500,4.760,4.780
367,55652.649000,-57.270,26.308,-236.232,-11.751,-411.686,-309.940,2.500,-7.240,7.780
368,55652.666000,-58.249,27.320,-236.232,-19.605,-412.585,-307.831,-3.500,-2.240,5.780
369,55652.688000,-57.270,27.320,-237.220,-12.703,-414.580,-309.920,-4.500,-7.240,-2.220
370,55652.714000,-61.185,27.320,-235.243,-17.587,-415.503,-309.832,-7.500,11.760,-0.220
371,55652.734000,-58.249,27.320,-236.232,-11.699,-411.684,-312.894,-7.500,12.760,3.780
372,55652.752000,-55.312,26.308,-236.232,-18.539,-414.524,-311.785,-6.500,-3.240,4.780
373,55652.773000,-59.228,29.344,-237.220,-21.475,-412.562,-312.720,-4.500,-18.240,8.780
374,55652.791000,-61.185,28.332,-239.197,-17.604,-413.568,-309.834,-3.500,-5.240,7.780
375,55652.814000,-60.207,28.332,-238.208,-18.610,-410.657,-309.820,-0.500,7.760,4.780
376,55652.831000,-59.228,29.344,-237.220,-18.583,-413.559,-309.817,-1.500,3.760,-1.220
377,55652.849000,-57.270,29.344,-238.208,-19.588,-410.648,-309.803,-3.500,-5.240,-2.220
378,55652.871000,-58.249,27.320,-238.208,-15.604,-414.551,-311.837,-6.500,-10.240,-0.220
379,55652.896000,-60.207,27.320,-239.197,-15.640,-410.681,-311.841,-5.500,-8.240,-1.220
380,55652.927000,-58.249,28.332,-239.197,-13.613,-412.631,-314.828,-2.500,-9.240,-6.220
381,55652.936000,-58.249,28.332,-238.208,-18.549,-409.685,-313.760,0.500,-9.240,-6.220
382,55652.956000,-59.228,28.332,-237.220,-16.600,-412.607,-311.822,1.500,-7.240,-5.220
383,55652.977000,-57.270,28.332,-237.220,-14.695,-412.628,-308.902,2.500,-6.240,-0.220
384,55652.997000,-57.270,28.332,-237.220,-19.570,-412.583,-309.801,1.500,-18.240,1.780
385,55653.15000,-59.228,29.344,-236.232,-8.807,-412.681,-309.991,3.500,-17.240,0.780
386,55653.37000,-59.228,28.332,-236.232,-15.691,-412.620,-307.900,3.500,-5.240,2.780
387,55653.60000,-58.249,30.356,-236.232,-20.557,-413.542,-308.798,6.500,2.760,7.780
388,55653.75000,-57.270,28.332,-236.232,-19.588,-412.584,-308.816,7.500,3.760,9.780
389,55653.101000,-58.249,26.308,-235.243,-17.543,-418.404,-310.814,6.500,-0.240,15.780
390,55653.125000,-59.228,29.344,-236.232,-11.795,-410.721,-307.971,4.500,-11.240,17.780
391,55653.139000,-60.207,28.332,-236.232,-21.483,-415.466,-310.748,3.500,-20.240,15.780
392,55653.161000,-62.164,29.344,-236.232,-20.583,-414.511,-306.827,2.500,-20.240,11.780
393,55653.179000,-62.164,26.308,-238.208,-16.617,-414.544,-309.851,2.500,-5.240,12.780
394,55653.198000,-61.185,29.344,-237.220,-14.686,-413.596,-308.901,2.500,17.760,9.780
395,55653.224000,-59.228,28.332,-234.255,-16.635,-412.609,-309.853,3.500,11.760,5.780
396,55653.241000,-60.207,27.320,-236.232,-16.617,-414.544,-309.851,-1.500,-11.240,2.780
397,55653.271000,-59.228,28.332,-234.255,-13.621,-415.535,-312.856,-7.500,-17.240,4.780
398,55653.291000,-62.164,27.320,-236.232,-18.583,-413.559,-309.817,-10.500,-21.240,3.780
399,55653.309000,-62.164,29.344,-238.208,-20.618,-412.578,-305.844,-15.500,-12.240,-0.220
400,55653.326000,-60.207,31.368,-237.220,-18.592,-412.592,-309.818,-15.500,-5.240,-7.220
401,55653.346000,-59.228,31.368,-239.197,-18.626,-414.529,-306.862,-12.500,-10.240,-12.220
402,55653.390000,-61.185,29.344,-236.232,-15.613,-413.584,-311.838,-7.500,-6.240,-10.220
403,55653.409000,-59.228,28.332,-237.220,-10.781,-412.664,-308.972,-6.500,13.760,0.780
404,55653.411000,-57.270,29.344,-236.232,-15.569,-416.485,-312.820,-3.500,3.760,0.780
405,55653.437000,-60.207,29.344,-236.232,-12.739,-410.710,-309.924,-3.500,-15.240,-2.220
406,55653.452000,-62.164,30.356,-237.220,-13.655,-417.473,-309.900,-3.500,-10.240,0.780
407,55653.475000,-60.207,29.344,-237.220,-15.691,-412.620,-307.900,2.500,10.760,1.780
408,55653.497000,-59.228,29.344,-236.232,-14.616,-417.463,-310.867,2.500,5.760,-0.220
409,55653.517000,-60.207,27.320,-236.232,-15.657,-410.682,-310.857,-5.500,4.760,-0.220
410,55653.532000,-57.270,28.332,-235.243,-21.518,-413.532,-309.765,-11.500,-0.240,-3.220
411,55653.555000,-61.185,28.332,-236.232,-14.643,-414.561,-310.870,-12.500,-23.240,-11.220
412,55653.572000,-62.164,28.332,-240.185,-18.557,-414.525,-310.801,-11.500,-8.240,-11.220
413,55653.586000,-60.207,30.356,-239.197,-19.605,-410.649,-308.818,-1.500,1.760,-7.220
414,55653.600000,-59.228,30.356,-239.197,-16.643,-413.578,-308.867,4.500,-1.240,-0.220
415,55653.633000,-61.185,29.344,-240.185,-14.634,-415.528,-310.869,7.500,2.760,3.780
416,55653.655000,-59.228,29.344,-239.197,-13.735,-408.766,-309.908,11.500,12.760,6.780
417,55653.672000,-58.249,29.344,-237.220,-21.510,-410.628,-311.737,11.500,-7.240,2.780
418,55653.690000,-62.164,28.332,-238.208,-16.669,-412.611,-307.883,10.500,-9.240,0.780
419,55653.730000,-61.185,29.344,-237.220,-15.621,-414.552,-310.853,10.500,3.760,-0.220
420,55653.759000,-60.207,27.320,-236.232,-9.776,-415.575,-308.986,11.500,5.760,-4.220
421,55653.765000,-60.207,29.344,-236.232,-22.488,-414.491,-309.747,8.500,-3.240,-5.220
422,55653.787000,-59.228,27.320,-234.255,-16.626,-411.641,-310.838,6.500,-5.240,-4.220
423,55653.807000,-58.249,27.320,-235.243,-18.566,-411.622,-311.788,5.500,-8.240,-1.220
424,55653.816000,-58.249,27.320,-235.243,-20.549,-410.638,-310.770,0.500,-12.240,-2.220
425,55653.839000,-60.207,28.332,-236.232,-18.600,-415.496,-307.845,-0.500,-4.240,-3.220
426,55653.866000,-58.249,28.332,-235.243,-16.652,-412.610,-308.868,-5.500,-12.240,-7.220
427,55653.881000,-59.228,29.344,-238.208,-14.651,-415.529,-309.884,-5.500,-21.240,-10.220
428,55653.901000,-61.185,28.332,-235.243,-20.558,-411.606,-309.784,-1.500,-1.240,-3.220
429,55653.932000,-58.249,28.332,-238.208,-18.609,-412.593,-308.833,-0.500,0.760,-0.220
430,55653.950000,-57.270,28.332,-237.220,-15.622,-412.616,-311.839,-0.500,-16.240,1.780
431,55653.973000,-59.228,27.320,-237.220,-14.704,-413.596,-307.917,-1.500,-15.240,2.780
432,55653.995000,-59.228,28.332,-236.232,-17.621,-415.505,-307.863,-2.500,-8.240,4.780
433,55654.12000,-60.207,28.332,-235.243,-18.635,-413.562,-306.863,-2.500,-3.240,3.780
434,55654.32000,-58.249,26.308,-236.232,-17.561,-414.533,-311.803,-3.500,-8.240,3.780
435,55654.46000,-59.228,28.332,-240.185,-14.661,-412.626,-310.872,-3.500,-23.240,-0.220
436,55654.71000,-61.185,29.344,-238.208,-17.588,-411.631,-311.806,2.500,-12.240,-2.220
437,55654.86000,-59.228,26.308,-236.232,-14.695,-414.564,-307.916,3.500,5.760,2.780
438,55654.110000,-57.270,27.320,-236.232,-13.638,-417.472,-310.884,-1.500,-1.240,9.780
439,55654.136000,-61.185,27.320,-235.243,-13.699,-414.572,-308.918,-4.500,-25.240,6.780
440,55654.169000,-62.164,28.332,-236.232,-13.682,-414.571,-309.902,-7.500,-30.240,0.780
441,55654.187000,-63.143,28.332,-237.220,-8.780,-417.518,-309.001,-6.500,-20.240,-6.220
442,55654.190000,-62.164,27.320,-236.232,-10.729,-414.597,-310.939,-2.500,5.760,-8.220
443,55654.211000,-57.270,28.332,-236.232,-18.565,-415.494,-309.815,-1.500,13.760,-7.220
444,55654.234000,-58.249,27.320,-238.208,-15.655,-416.490,-307.896,-4.500,-14.240,-5.220
445,55654.246000,-62.164,27.320,-237.220,-15.673,-414.555,-307.898,-5.500,-28.240,-4.220
446,55654.276000,-63.143,29.344,-239.197,-16.652,-412.610,-308.868,-0.500,-10.240,-3.220
447,55654.290000,-60.207,28.332,-239.197,-20.539,-415.477,-308.796,6.500,12.760,-3.220
448,55654.312000,-59.228,29.344,-239.197,-22.566,-413.527,-305.809,8.500,2.760,-2.220
449,55654.355000,-59.228,27.320,-238.208,-14.695,-414.564,-307.916,7.500,-9.240,-2.220
450,55654.358000,-62.164,28.332,-236.232,-13.777,-413.608,-304.980,5.500,-14.240,-3.220
451,55654.371000,-60.207,28.332,-238.208,-22.461,-417.393,-309.744,4.500,5.760,-1.220
452,55654.394000,-57.270,28.332,-237.220,-15.638,-416.489,-308.881,4.500,1.760,-1.220
453,55654.411000,-59.228,28.332,-237.220,-17.682,-412.604,-305.896,4.500,-21.240,2.780
454,55654.440000,-62.164,29.344,-234.255,-15.682,-413.588,-307.899,8.500,-9.240,7.780
455,55654.460000,-60.207,26.308,-232.278,-13.698,-416.508,-307.931,11.500,18.760,11.780
456,55654.487000,-56.291,24.285,-233.266,-15.639,-414.553,-309.868,2.500,7.760,10.780
457,55654.506000,-56.291,27.320,-235.243,-14.695,-414.564,-307.916,-3.500,-3.240,10.780
458,55654.523000,-57.270,27.320,-235.243,-20.601,-410.641,-307.816,-10.500,-17.240,6.780
459,55654.548000,-60.207,27.320,-235.243,-15.664,-415.522,-307.897,-11.500,-14.240,6.780
460,55654.561000,-58.249,27.320,-238.208,-16.608,-417.447,-308.863,-5.500,14.760,14.780
461,55654.585000,-58.249,28.332,-238.208,-15.742,-414.559,-303.959,6.500,19.760,27.780
462,55654.607000,-58.249,27.320,-239.197,-16.651,-416.482,-306.894,12.500,4.760,37.780
463,55654.625000,-60.207,27.320,-236.232,-21.535,-415.469,-307.794,14.500,-7.240,39.780
464,55654.647000,-63.143,27.320,-236.232,-19.578,-415.487,-307.828,12.500,-6.240,34.780
465,55654.667000,-64.122,26.308,-235.243,-20.592,-411.608,-307.815,7.500,5.760,25.780
466,55654.690000,-63.143,26.308,-235.243,-21.552,-415.470,-306.809,5.500,7.760,21.780
467,55654.711000,-62.164,27.320,-235.243,-17.647,-414.538,-306.879,0.500,-5.240,14.780
468,55654.725000,-61.185,28.332,-234.255,-13.716,-416.509,-306.946,-3.500,-14.240,11.780
469,55654.749000,-61.185,27.320,-234.255,-20.636,-410.643,-305.846,-9.500,-20.240,11.780
470,55654.771000,-63.143,28.332,-237.220,-18.609,-414.528,-307.846,-11.500,-14.240,9.780
471,55654.794000,-61.185,28.332,-236.232,-21.535,-415.469,-307.794,-10.500,-14.240,5.780
472,55654.811000,-63.143,27.320,-236.232,-16.652,-414.546,-307.881,-5.500,-4.240,5.780
473,55654.836000,-63.143,28.332,-238.208,-18.609,-414.528,-307.846,-3.500,9.760,8.780
474,55654.855000,-59.228,29.344,-238.208,-19.543,-417.421,-308.811,-4.500,2.760,5.780
475,55654.874000,-63.143,28.332,-237.220,-19.552,-414.517,-309.799,-5.500,-13.240,1.780
476,55654.887000,-61.185,28.332,-236.232,-15.664,-415.522,-307.897,-3.500,5.760,-1.220
477,55654.912000,-62.164,29.344,-237.220,-18.557,-414.525,-310.801,0.500,20.760,-2.220
478,55654.935000,-59.228,27.320,-238.208,-22.506,-412.556,-309.749,1.500,8.760,0.780
479,55654.959000,-57.270,29.344,-238.208,-18.582,-415.495,-308.830,-1.500,-27.240,-0.220
480,55654.981000,-59.228,27.320,-235.243,-17.657,-411.635,-307.867,-4.500,-48.240,-1.220
481,55654.992000,-63.143,29.344,-236.232,-22.505,-414.492,-308.762,-4.500,-26.240,1.780
482,55655.15000,-63.143,29.344,-238.208,-21.570,-413.535,-306.811,-2.500,-8.240,-1.220
483,55655.35000,-58.249,29.344,-238.208,-16.669,-412.611,-307.883,-2.500,-20.240,-6.220
484,55655.61000,-63.143,30.356,-238.208,-20.609,-415.481,-304.857,-0.500,-21.240,-8.220
485,55655.76000,-62.164,29.344,-237.220,-19.578,-415.487,-307.828,1.500,23.760,-5.220
486,55655.94000,-61.185,29.344,-237.220,-16.668,-416.483,-305.910,5.500,34.760,-2.220
487,55655.116000,-58.249,26.308,-240.185,-18.669,-415.500,-303.906,3.500,6.760,-1.220
488,55655.139000,-58.249,29.344,-238.208,-18.617,-415.497,-306.861,4.500,-26.240,-1.220
489,55655.161000,-63.143,30.356,-237.220,-23.554,-410.615,-306.779,8.500,-7.240,0.780
490,55655.181000,-65.101,29.344,-235.243,-15.647,-415.521,-308.882,9.500,28.760,1.780
491,55655.204000,-61.185,27.320,-235.243,-19.622,-412.586,-306.846,7.500,33.760,-1.220
492,55655.221000,-58.249,29.344,-237.220,-22.523,-412.557,-308.764,4.500,18.760,-5.220
493,55655.230000,-57.270,27.320,-234.255,-24.531,-414.478,-304.788,0.500,-7.240,-6.220
494,55655.249000,-59.228,26.308,-234.255,-19.595,-415.488,-306.843,-3.500,-15.240,-2.220
495,55655.276000,-55.312,28.332,-238.208,-24.549,-414.479,-303.804,-8.500,-48.240,4.780
496,55655.299000,-59.228,28.332,-236.232,-18.590,-418.399,-306.858,-13.500,-121.240,2.780
497,55655.341000,-67.059,29.344,-238.208,-18.686,-415.501,-302.922,-15.500,-143.240,0.780
498,55655.366000,-69.017,29.344,-237.220,-15.785,-415.529,-301.004,-11.500,-96.240,-2.220
499,55655.380000,-67.059,30.356,-236.232,-22.548,-417.398,-304.820,-5.500,-66.240,-8.220
500,55655.384000,-62.164,27.320,-235.243,-22.591,-418.368,-301.865,-3.500,-15.240,-11.220
501,55655.402000,-59.228,27.320,-235.243,-20.599,-418.384,-303.869,-6.500,-11.240,-13.220
502,55655.429000,-64.122,28.332,-235.243,-17.707,-419.381,-300.966,-9.500,-39.240,-10.220
503,55655.446000,-67.059,28.332,-236.232,-20.642,-419.354,-300.914,-7.500,-21.240,-5.220
504,55655.469000,-65.101,30.356,-234.255,-20.624,-421.289,-300.912,-0.500,37.760,0.780
505,55655.491000,-60.207,30.356,-236.232,-17.681,-418.412,-302.936,0.500,51.760,0.780
506,55655.509000,-60.207,28.332,-238.208,-20.599,-418.384,-303.869,-2.500,8.760,1.780
507,55655.530000,-65.101,29.344,-236.232,-11.836,-417.499,-302.056,-1.500,-15.240,3.780
508,55655.547000,-68.038,28.332,-236.232,-12.789,-418.456,-303.023,0.500,-7.240,2.780
509,55655.575000,-63.143,28.332,-236.232,-20.539,-417.413,-307.809,4.500,46.760,1.780
510,55655.595000,-57.270,29.344,-236.232,-15.734,-413.591,-304.945,3.500,53.760,-1.220
511,55655.618000,-57.270,27.320,-235.243,-22.521,-420.300,-304.817,-4.500,-0.240,-1.220
512,55655.638000,-63.143,29.344,-237.220,-22.591,-416.432,-302.851,-9.500,-33.240,-0.220
513,55655.656000,-64.122,29.344,-237.220,-22.557,-416.430,-304.821,-4.500,-9.240,2.780
514,55655.681000,-63.143,27.320,-237.220,-18.634,-417.433,-304.889,0.500,22.760,5.780
515,55655.699000,-60.207,29.344,-238.208,-19.560,-417.422,-307.826,2.500,11.760,5.780
516,55655.716000,-63.143,28.332,-237.220,-20.547,-418.381,-306.823,4.500,-0.240,3.780
517,55655.736000,-65.101,28.332,-237.220,-13.759,-415.543,-304.978,7.500,-1.240,3.780
518,55655.764000,-64.122,26.308,-235.243,-18.555,-420.333,-307.841,9.500,16.760,3.780
519,55655.796000,-61.185,27.320,-232.278,-20.661,-413.548,-302.889,4.500,19.760,4.780
520,55655.811000,-60.207,29.344,-233.266,-13.672,-419.410,-307.928,0.500,3.760,6.780
521,55655.837000,-63.143,25.296,-234.255,-17.613,-414.536,-308.848,-8.500,-16.240,6.780
522,55655.840000,-64.122,27.320,-236.232,-21.525,-420.308,-305.819,-11.500,-14.240,4.780
523,55655.856000,-64.122,30.356,-234.255,-21.578,-416.439,-304.838,-9.500,-0.240,-0.220
524,55655.879000,-65.101,30.356,-234.255,-22.557,-416.430,-304.821,-8.500,18.760,-3.220
525,55655.897000,-62.164,29.344,-237.220,-18.678,-414.532,-303.907,-7.500,24.760,-1.220
526,55655.911000,-61.185,30.356,-237.220,-21.605,-413.537,-304.841,-9.500,12.760,-3.220
527,55655.939000,-62.164,30.356,-235.243,-16.686,-416.484,-304.925,-10.500,5.760,-6.220
528,55655.961000,-57.270,27.320,-236.232,-17.656,-415.507,-305.893,-8.500,-0.240,-4.220
529,55655.979000,-53.354,29.344,-240.185,-16.703,-416.485,-303.940,-12.500,-82.240,-3.220
530,55655.999000,-55.312,31.368,-240.185,-23.560,-419.327,-301.846,-17.500,-200.240,-9.220
531,55656.28000,-68.038,30.356,-241.174,-14.771,-419.408,-301.017,-11.500,-208.240,-5.220
532,55656.46000,-76.849,31.368,-241.174,-24.582,-420.288,-298.874,7.500,-83.240,-0.220
533,55656.67000,-76.849,30.356,-239.197,-20.685,-420.325,-297.958,29.500,60.760,8.780
534,55656.85000,-69.017,28.332,-239.197,-18.737,-419.375,-297.994,34.500,91.760,8.780
535,55656.107000,-57.270,26.308,-240.185,-12.805,-420.393,-301.051,37.500,40.760,4.780
536,55656.130000,-64.122,27.320,-238.208,-19.725,-418.399,-297.978,35.500,-28.240,-0.220
537,55656.152000,-71.954,29.344,-235.243,-22.581,-421.271,-300.877,36.500,-10.240,-5.220
538,55656.172000,-69.996,27.320,-235.243,-15.723,-422.301,-300.997,39.500,29.760,-9.220
539,55656.187000,-64.122,27.320,-236.232,-18.667,-421.307,-300.946,34.500,13.760,-15.220
540,55656.215000,-64.122,29.344,-232.278,-12.762,-419.423,-304.006,31.500,-1.240,-16.220
541,55656.247000,-66.080,28.332,-228.324,-20.581,-420.319,-303.867,22.500,19.760,-14.220
542,55656.247000,-64.122,25.296,-230.301,-15.724,-418.429,-302.971,18.500,25.760,-13.220
543,55656.270000,-59.228,27.320,-231.290,-11.792,-420.400,-303.038,5.500,18.760,-15.220
544,55656.292000,-59.228,27.320,-231.290,-17.629,-420.345,-304.904,-5.500,-6.240,-15.220
545,55656.310000,-60.207,25.296,-229.313,-13.750,-418.446,-303.990,-13.500,-11.240,-9.220
546,55656.337000,-60.207,26.308,-232.278,-13.697,-422.315,-304.971,-20.500,-23.240,-4.220
547,55656.352000,-63.143,28.332,-235.243,-18.703,-419.373,-299.963,-16.500,-27.240,-2.220
548,55656.374000,-67.059,29.344,-235.243,-16.694,-417.452,-303.939,-7.500,12.760,-2.220
549,55656.392000,-67.059,27.320,-236.232,-21.656,-417.412,-299.914,-3.500,38.760,1.780
550,55656.420000,-61.185,28.332,-240.185,-16.640,-425.192,-302.946,-1.500,-3.240,0.780
551,55656.438000,-61.185,28.332,-240.185,-13.784,-418.448,-302.020,-0.500,-21.240,0.780
552,55656.455000,-66.080,27.320,-239.197,-18.616,-421.304,-303.901,1.500,0.760,3.780
553,55656.482000,-62.164,26.308,-240.185,-16.710,-421.325,-300.981,0.500,29.760,1.780
554,55656.497000,-66.080,27.320,-240.185,-17.663,-420.346,-302.934,2.500,-12.240,-6.220
555,55656.521000,-65.101,26.308,-237.220,-16.754,-418.424,-299.999,10.500,-14.240,-8.220
556,55656.539000,-64.122,25.296,-238.208,-16.702,-422.292,-300.980,15.500,6.760,-7.220
557,55656.567000,-62.164,26.308,-236.232,-10.823,-419.441,-303.056,18.500,5.760,-8.220
558,55656.571000,-62.164,26.308,-235.243,-13.793,-419.417,-301.035,20.500,-1.240,-5.220
559,55656.615000,-63.143,25.296,-234.255,-17.716,-418.414,-300.966,19.500,-5.240,-4.220
560,55656.642000,-63.143,26.308,-233.266,-16.737,-418.423,-300.984,18.500,-2.240,-4.220
561,55656.645000,-62.164,26.308,-233.266,-9.818,-420.417,-304.057,15.500,13.760,-5.220
562,55656.661000,-61.185,24.285,-233.266,-8.839,-420.426,-304.075,11.500,13.760,-0.220
563,55656.686000,-61.185,26.308,-234.255,-18.686,-417.436,-301.935,4.500,-1.240,1.780
564,55656.706000,-63.143,26.308,-233.266,-13.750,-418.446,-303.990,4.500,-4.240,-1.220
565,55656.729000,-61.185,25.296,-233.266,-14.737,-417.470,-303.974,0.500,-3.240,1.780
566,55656.751000,-63.143,25.296,-236.232,-16.729,-417.454,-301.970,-0.500,-6.240,8.780
567,55656.769000,-64.122,24.285,-235.243,-6.891,-421.412,-303.123,1.500,-3.240,8.780
568,55656.790000,-67.059,25.296,-237.220,-14.762,-420.375,-301.016,1.500,-2.240,4.780
569,55656.811000,-65.101,25.296,-235.243,-16.729,-417.454,-301.970,4.500,0.760,2.780
570,55656.831000,-63.143,25.296,-236.232,-19.698,-419.365,-298.961,4.500,-4.240,4.780
571,55656.852000,-66.080,25.296,-234.255,-13.758,-421.350,-302.018,4.500,-8.240,2.780
572,55656.874000,-66.080,24.285,-236.232,-14.702,-419.404,-304.956,5.500,-0.240,2.780
573,55656.882000,-65.101,25.296,-236.232,-15.716,-417.461,-303.956,6.500,11.760,3.780
574,55656.914000,-62.164,27.320,-234.255,-16.719,-422.293,-299.995,3.500,2.760,2.780
575,55656.950000,-64.122,24.285,-234.255,-12.789,-418.456,-303.023,2.500,-1.240,1.780
576,55656.959000,-63.143,25.296,-232.278,-9.827,-419.449,-304.058,0.500,4.760,1.780
577,55656.972000,-62.164,26.308,-236.232,-12.876,-416.525,-299.085,-6.500,-3.240,1.780
578,55656.999000,-65.101,25.296,-236.232,-17.681,-418.412,-302.936,-9.500,-22.240,0.780
579,55657.14000,-67.059,25.296,-233.266,-13.767,-418.447,-303.005,-6.500,-11.240,-1.220
580,55657.35000,-65.101,27.320,-237.220,-11.784,-419.432,-304.024,-4.500,11.760,-4.220
581,55657.54000,-62.164,26.308,-239.197,-13.811,-417.482,-301.037,-4.500,2.760,-4.220
582,55657.68000,-65.101,29.344,-235.243,-9.810,-419.448,-305.043,-3.500,-1.240,-4.220
583,55657.95000,-65.101,26.308,-235.243,-15.724,-418.429,-302.971,-1.500,8.760,-2.220
584,55657.113000,-63.143,27.320,-239.197,-15.698,-419.396,-303.954,1.500,3.760,-2.220
585,55657.135000,-63.143,27.320,-235.243,-17.646,-420.346,-303.919,3.500,-3.240,-3.220
586,55657.157000,-65.101,26.308,-236.232,-15.785,-417.465,-300.017,4.500,1.760,-0.220
587,55657.175000,-62.164,26.308,-237.220,-15.716,-417.461,-303.956,2.500,0.760,-0.220
588,55657.201000,-62.164,27.320,-236.232,-11.888,-417.502,-299.102,3.500,-7.240,-6.220
589,55657.221000,-64.122,25.296,-235.243,-17.663,-420.346,-302.934,1.500,5.760,-6.220
590,55657.235000,-62.164,26.308,-235.243,-7.896,-418.501,-303.109,1.500,17.760,-6.220
591,55657.253000,-61.185,25.296,-234.255,-14.720,-417.469,-304.958,-2.500,4.760,-7.220
592,55657.284000,-63.143,25.296,-234.255,-9.853,-418.483,-303.074,-8.500,-4.240,-8.220
593,55657.304000,-63.143,26.308,-235.243,-17.681,-420.347,-301.949,-6.500,1.760,-8.220
594,55657.324000,-64.122,25.296,-235.243,-15.733,-415.526,-303.958,-6.500,16.760,-7.220
595,55657.345000,-62.164,24.285,-235.243,-14.736,-421.342,-302.000,-6.500,16.760,-4.220
596,55657.362000,-61.185,25.296,-235.243,-14.798,-416.506,-301.020,-11.500,-7.240,-8.220
597,55657.386000,-63.143,24.285,-238.208,-16.668,-418.419,-304.923,-17.500,-22.240,-10.220
598,55657.414000,-64.122,25.296,-238.208,-10.805,-419.440,-304.041,-14.500,-11.240,-15.220
599,55657.428000,-63.143,24.285,-238.208,-9.801,-420.416,-305.042,-7.500,17.760,-16.220
600,55657.442000,-60.207,23.273,-240.185,-16.686,-416.484,-304.925,-3.500,18.760,-6.220
601,55657.462000,-58.249,26.308,-241.174,-9.783,-420.415,-306.027,0.500,-6.240,-1.220
602,55657.482000,-59.228,26.308,-237.220,-17.716,-416.478,-301.953,2.500,-15.240,0.780
603,55657.504000,-64.122,26.308,-236.232,-14.746,-418.438,-302.988,7.500,-2.240,7.780
604,55657.522000,-60.207,27.320,-238.208,-16.608,-417.447,-308.863,8.500,13.760,14.780
605,55657.545000,-59.228,27.320,-235.243,-14.746,-418.438,-302.988,9.500,-6.240,16.780
606,55657.577000,-64.122,26.308,-237.220,-12.746,-415.550,-306.965,13.500,-3.240,18.780
607,55657.588000,-64.122,25.296,-234.255,-9.862,-417.515,-303.075,13.500,10.760,16.780
608,55657.605000,-62.164,24.285,-233.266,-13.672,-419.410,-307.928,4.500,7.760,14.780
609,55657.642000,-62.164,24.285,-236.232,-11.793,-418.464,-304.025,-4.500,-5.240,9.780
610,55657.678000,-65.101,25.296,-238.208,-10.824,-415.570,-305.030,-6.500,-12.240,4.780
611,55657.678000,-67.059,25.296,-236.232,-11.818,-421.369,-301.067,-4.500,-17.240,-0.220
612,55657.692000,-63.143,24.285,-236.232,-15.672,-418.427,-305.925,0.500,4.760,-2.220
613,55657.710000,-61.185,26.308,-238.208,-8.813,-423.328,-304.072,3.500,12.760,-1.220
614,55657.735000,-62.164,26.308,-238.208,-13.724,-417.477,-305.960,0.500,-17.240,-2.220
615,55657.757000,-63.143,25.296,-238.208,-16.711,-417.453,-302.954,-2.500,-34.240,-0.220
616,55657.775000,-68.038,25.296,-239.197,-15.663,-421.330,-304.937,3.500,-24.240,-1.220
617,55657.797000,-65.101,26.308,-237.220,-13.732,-420.381,-303.988,16.500,10.760,-2.220
618,55657.820000,-62.164,26.308,-238.208,-12.771,-418.455,-304.007,20.500,10.760,-3.220
619,55657.837000,-62.164,26.308,-237.220,-17.656,-415.507,-305.893,20.500,0.760,-3.220
620,55657.861000,-64.122,26.308,-238.208,-15.768,-417.464,-301.002,14.500,-19.240,-4.220
621,55657.873000,-64.122,27.320,-237.220,-12.737,-418.453,-305.977,13.500,-22.240,-8.220
622,55657.886000,-65.101,26.308,-234.255,-11.793,-416.528,-305.011,16.500,-6.240,-12.220
623,55657.914000,-60.207,24.285,-235.243,-16.676,-419.387,-303.937,16.500,1.760,-8.220
624,55657.928000,-62.164,23.273,-236.232,-13.793,-419.417,-301.035,14.500,-11.240,-1.220
625,55657.950000,-64.122,25.296,-234.255,-5.921,-420.453,-303.142,11.500,-13.240,-6.220
626,55657.977000,-64.122,24.285,-235.243,-13.802,-416.513,-302.022,12.500,-1.240,-9.220
627,55658.4000,-61.185,24.285,-238.208,-12.797,-417.489,-303.023,11.500,0.760,-10.220
628,55658.21000,-60.207,23.273,-235.243,-10.788,-421.375,-304.039,9.500,-0.240,-10.220
629,55658.38000,-63.143,25.296,-235.243,-6.927,-417.542,-303.127,8.500,-11.240,-6.220
630,55658.65000,-61.185,23.273,-235.243,-12.789,-416.520,-304.009,10.500,-15.240,-4.220
631,55658.68000,-62.164,23.273,-236.232,-14.710,-420.372,-303.971,7.500,-24.240,-1.220
632,55658.119000,-65.101,24.285,-237.220,-11.775,-420.399,-304.023,7.500,-26.240,1.780
633,55658.133000,-68.038,23.273,-237.220,-10.848,-420.411,-301.086,10.500,-14.240,-1.220
634,55658.146000,-67.059,25.296,-237.220,-8.926,-422.366,-298.164,10.500,-2.240,-5.220
635,55658.168000,-66.080,25.296,-235.243,-10.832,-418.474,-303.057,13.500,5.760,-7.220
636,55658.195000,-64.122,24.285,-235.243,-6.856,-421.410,-305.093,10.500,2.760,-9.220
637,55658.212000,-64.122,22.261,-236.232,-13.733,-416.510,-305.961,6.500,5.760,-11.220
638,55658.230000,-62.164,22.261,-237.220,-12.797,-417.489,-303.023,2.500,-10.240,-16.220
639,55658.248000,-63.143,21.249,-233.266,-9.887,-420.421,-300.118,2.500,-42.240,-21.220
640,55658.270000,-67.059,23.273,-235.243,-5.930,-421.422,-302.156,3.500,-26.240,-19.220
641,55658.287000,-64.122,23.273,-235.243,-9.835,-420.418,-303.072,0.500,-4.240,-18.220
642,55658.309000,-64.122,22.261,-234.255,-2.033,-421.458,-301.240,-3.500,0.760,-17.220
643,55658.329000,-61.185,23.273,-233.266,-10.831,-422.346,-301.084,-8.500,4.760,-13.220
644,55658.350000,-62.164,24.285,-234.255,-7.843,-424.305,-303.103,-8.500,1.760,-12.220
645,55658.371000,-63.143,24.285,-233.266,-7.974,-417.537,-299.171,-7.500,2.760,-11.220
646,55658.409000,-64.122,24.285,-233.266,-7.878,-420.435,-303.107,-5.500,26.760,-12.220
647,55658.409000,-60.207,23.273,-235.243,-7.843,-422.369,-304.090,-11.500,49.760,-7.220
648,55658.436000,-60.207,24.285,-235.243,-5.878,-419.483,-306.097,-15.500,52.760,-7.220
649,55658.459000,-61.185,23.273,-239.197,-9.810,-417.513,-306.030,-13.500,43.760,-7.220
650,55658.476000,-64.122,22.261,-242.162,-12.806,-416.521,-303.024,-0.500,65.760,1.780
651,55658.501000,-59.228,22.261,-241.174,-6.857,-417.538,-307.066,13.500,65.760,8.780
652,55658.516000,-56.291,23.273,-240.185,-8.892,-416.557,-303.094,18.500,8.760,12.780
653,55658.530000,-59.228,23.273,-238.208,-10.780,-416.535,-306.998,18.500,-6.240,15.780
654,55658.557000,-62.164,23.273,-237.220,-9.801,-418.480,-306.029,9.500,-5.240,19.780
655,55658.575000,-61.185,21.249,-234.255,-13.681,-416.507,-308.916,2.500,-13.240,17.780
656,55658.591000,-63.143,22.261,-236.232,-14.763,-416.504,-302.990,-2.500,-24.240,10.780
657,55658.612000,-65.101,22.261,-237.220,-12.807,-414.586,-304.011,2.500,-6.240,9.780
658,55658.635000,-64.122,23.273,-235.243,-8.806,-416.552,-308.018,2.500,6.760,3.780
659,55658.670000,-62.164,24.285,-234.255,-10.849,-416.539,-303.059,-0.500,20.760,4.780
660,55658.689000,-59.228,22.261,-236.232,-12.763,-417.487,-304.993,-8.500,3.760,4.780
661,55658.717000,-58.249,23.273,-236.232,-13.707,-415.540,-307.932,-10.500,-11.240,5.780
662,55658.725000,-60.207,24.285,-234.255,-4.971,-413.688,-305.135,-13.500,-28.240,5.780
663,55658.747000,-64.122,24.285,-237.220,-10.823,-417.506,-304.043,-8.500,-9.240,7.780
664,55658.767000,-65.101,23.273,-240.185,-14.668,-417.466,-307.913,-4.500,13.760,7.780
665,55658.800000,-60.207,23.273,-239.197,-7.905,-417.533,-303.110,-4.500,-2.240,4.780
666,55658.803000,-60.207,23.273,-239.197,-10.771,-417.503,-306.997,-6.500,-26.240,6.780
667,55658.824000,-64.122,25.296,-235.243,-9.836,-418.482,-304.059,-4.500,-19.240,5.780
668,55658.851000,-65.101,24.285,-239.197,-12.719,-418.452,-306.962,-0.500,-2.240,6.780
669,55658.861000,-60.207,24.285,-238.208,-7.880,-414.628,-306.067,2.500,1.760,5.780
670,55658.875000,-62.164,25.296,-239.197,-10.806,-417.505,-305.028,2.500,-7.240,5.780
671,55658.903000,-63.143,24.285,-237.220,-4.996,-416.594,-302.178,1.500,-22.240,2.780
672,55658.923000,-65.101,22.261,-238.208,-11.793,-416.528,-305.011,3.500,-9.240,0.780
673,55658.949000,-61.185,24.285,-238.208,-16.650,-420.353,-304.921,2.500,1.760,1.780
674,55658.966000,-62.164,25.296,-236.232,-12.719,-420.388,-305.975,1.500,-16.240,2.780
675,55658.984000,-65.101,23.273,-235.243,-11.767,-417.495,-305.995,-1.500,-34.240,0.780
676,55659.5000,-66.080,23.273,-234.255,-11.793,-418.464,-304.025,1.500,-4.240,1.780
677,55659.30000,-62.164,24.285,-235.243,-11.740,-420.397,-305.992,-0.500,0.760,-0.220
678,55659.53000,-62.164,25.296,-233.266,-11.801,-421.368,-302.052,-1.500,-6.240,-1.220
679,55659.75000,-62.164,21.249,-233.266,-15.654,-420.361,-305.923,-6.500,-16.240,-1.220
680,55659.108000,-62.164,23.273,-234.255,-12.790,-414.585,-304.996,-13.500,-13.240,-1.220
681,55659.121000,-63.143,22.261,-237.220,-6.875,-417.539,-306.082,-16.500,-4.240,-1.220
682,55659.140000,-62.164,25.296,-236.232,-4.943,-418.526,-304.146,-17.500,-5.240,-7.220
683,55659.155000,-64.122,24.285,-237.220,-13.724,-419.413,-304.974,-14.500,8.760,-9.220
684,55659.171000,-60.207,25.296,-236.232,-15.690,-416.492,-305.927,-11.500,29.760,-4.220
685,55659.193000,-57.270,24.285,-236.232,-8.797,-417.519,-308.017,-6.500,28.760,2.780
686,55659.206000,-59.228,23.273,-237.220,-15.655,-418.426,-306.910,-7.500,11.760,9.780
687,55659.234000,-60.207,23.273,-237.220,-15.699,-413.589,-306.915,-5.500,8.760,13.780
688,55659.251000,-60.207,24.285,-236.232,-9.871,-416.548,-303.076,2.500,15.760,21.780
689,55659.274000,-60.207,24.285,-237.220,-10.806,-415.569,-306.014,4.500,12.760,25.780
690,55659.305000,-64.122,23.273,-236.232,-16.642,-417.449,-306.893,3.500,12.760,23.780
691,55659.314000,-65.101,24.285,-233.266,-16.634,-414.545,-308.866,-0.500,39.760,15.780
692,55659.341000,-62.164,23.273,-237.220,-12.746,-415.550,-306.965,-8.500,44.760,4.780
693,55659.359000,-57.270,23.273,-238.208,-9.863,-413.644,-305.049,-11.500,15.760,0.780
694,55659.376000,-60.207,25.296,-240.185,-14.660,-416.498,-308.898,-7.500,0.760,10.780
695,55659.395000,-65.101,25.296,-241.174,-14.729,-414.566,-305.946,9.500,25.760,30.780
696,55659.433000,-61.185,25.296,-241.174,-17.569,-415.502,-310.817,20.500,84.760,36.780
697,55659.460000,-58.249,24.285,-239.197,-12.738,-412.646,-308.937,30.500,82.760,43.780
698,55659.474000,-56.291,23.273,-239.197,-11.743,-410.718,-310.926,27.500,44.760,45.780
699,55659.476000,-56.291,24.285,-238.208,-15.630,-413.585,-310.854,19.500,-8.240,36.780
700,55659.502000,-63.143,25.296,-234.255,-9.802,-414.608,-308.002,15.500,-20.240,22.780
701,55659.518000,-62.164,21.249,-233.266,-18.627,-410.658,-308.835,4.500,10.760,13.780
702,55659.545000,-55.312,22.261,-235.243,-18.653,-409.691,-307.851,-7.500,-19.240,3.780
703,55659.568000,-58.249,24.285,-235.243,-15.673,-414.555,-307.898,-13.500,-45.240,-1.220
704,55659.590000,-63.143,23.273,-234.255,-13.742,-413.606,-306.949,-13.500,-23.240,3.780
705,55659.607000,-60.207,24.285,-236.232,-12.695,-413.611,-310.906,-5.500,38.760,15.780
706,55659.630000,-56.291,24.285,-236.232,-17.604,-413.568,-309.834,3.500,44.760,22.780
707,55659.650000,-56.291,23.273,-237.220,-15.595,-415.518,-311.836,0.500,1.760,26.780
708,55659.672000,-58.249,22.261,-240.185,-18.557,-412.590,-311.787,-7.500,-27.240,19.780
709,55659.691000,-62.164,24.285,-239.197,-18.523,-412.588,-313.757,-10.500,-30.240,6.780
710,55659.721000,-64.122,24.285,-238.208,-16.600,-412.607,-311.822,-8.500,0.760,1.780
711,55659.738000,-62.164,26.308,-240.185,-13.681,-416.507,-308.916,-4.500,9.760,0.780
712,55659.759000,-59.228,25.296,-240.185,-14.729,-414.566,-305.946,-0.500,1.760,1.780
713,55659.775000,-59.228,26.308,-240.185,-17.587,-413.567,-310.819,-0.500,-27.240,-0.220
714,55659.791000,-63.143,25.296,-238.208,-9.732,-416.540,-310.954,5.500,-13.240,1.780
715,55659.817000,-60.207,25.296,-237.220,-13.699,-412.636,-309.904,6.500,1.760,4.780
716,55659.833000,-58.249,24.285,-235.243,-16.635,-412.609,-309.853,7.500,-17.240,7.780
717,55659.846000,-59.228,23.273,-237.220,-18.574,-414.526,-309.816,2.500,-33.240,8.780
718,55659.876000,-61.185,23.273,-237.220,-14.668,-417.466,-307.913,1.500,-32.240,3.780
719,55659.890000,-63.143,25.296,-234.255,-14.669,-413.595,-309.886,3.500,-7.240,-3.220
720,55659.911000,-64.122,25.296,-234.255,-13.664,-416.506,-309.901,1.500,18.760,-10.220
721,55659.935000,-61.185,26.308,-233.266,-18.635,-413.562,-306.863,-2.500,12.760,-11.220
722,55659.957000,-59.228,25.296,-235.243,-15.603,-416.487,-310.851,-10.500,-20.240,-13.220
723,55659.979000,-63.143,24.285,-234.255,-11.794,-412.657,-306.985,-12.500,-21.240,-13.220
724,55659.992000,-64.122,24.285,-234.255,-20.496,-416.442,-310.764,-11.500,-4.240,-15.220
725,55660.18000,-61.185,24.285,-237.220,-11.759,-414.591,-307.968,-10.500,-11.240,-22.220
726,55660.44000,-63.143,25.296,-234.255,-17.604,-415.504,-308.848,-9.500,-15.240,-25.220
727,55660.71000,-61.185,26.308,-236.232,-13.734,-412.638,-307.935,-8.500,-3.240,-25.220
728,55660.81000,-59.228,25.296,-234.255,-13.708,-413.604,-308.919,-8.500,9.760,-24.220
729,55660.101000,-57.270,25.296,-234.255,-17.578,-414.534,-310.818,-11.500,8.760,-24.220
730,55660.119000,-56.291,26.308,-235.243,-17.622,-413.569,-308.849,-15.500,-6.240,-23.220
731,55660.146000,-56.291,23.273,-235.243,-14.677,-414.563,-308.900,-23.500,-26.240,-24.220
732,55660.164000,-58.249,23.273,-237.220,-13.742,-413.606,-306.949,-28.500,-24.240,-20.220
733,55660.186000,-60.207,25.296,-241.174,-14.668,-415.530,-308.899,-27.500,-8.240,-15.220
734,55660.209000,-55.312,26.308,-243.151,-12.728,-417.485,-306.963,-15.500,-6.240,-11.220
735,55660.227000,-61.185,26.308,-239.197,-15.682,-415.523,-306.913,-1.500,-20.240,-6.220
736,55660.244000,-62.164,25.296,-239.197,-17.613,-414.536,-308.848,8.500,19.760,10.780
737,55660.271000,-58.249,26.308,-237.220,-15.690,-414.556,-306.914,16.500,43.760,22.780
738,55660.290000,-58.249,25.296,-236.232,-11.846,-414.595,-303.044,16.500,36.760,24.780
739,55660.323000,-58.249,24.285,-235.243,-9.750,-416.541,-309.970,10.500,14.760,19.780
740,55660.339000,-62.164,24.285,-237.220,-20.514,-414.508,-310.766,3.500,-10.240,13.780
741,55660.348000,-64.122,22.261,-237.220,-16.660,-415.514,-306.895,-2.500,-19.240,9.780
742,55660.370000,-64.122,24.285,-238.208,-11.733,-413.621,-309.938,-4.500,-5.240,5.780
743,55660.393000,-61.185,25.296,-238.208,-19.552,-414.517,-309.799,-4.500,-3.240,-2.220
744,55660.415000,-61.185,26.308,-239.197,-19.561,-415.486,-308.813,-3.500,-17.240,-11.220
745,55660.435000,-62.164,26.308,-238.208,-12.711,-415.548,-308.934,-0.500,-20.240,-10.220
746,55660.451000,-62.164,26.308,-238.208,-15.595,-417.454,-310.850,3.500,-12.240,-6.220
747,55660.472000,-58.249,26.308,-240.185,-14.703,-417.468,-305.943,4.500,-6.240,-3.220
748,55660.490000,-59.228,26.308,-237.220,-15.655,-416.490,-307.896,1.500,-20.240,-3.220
749,55660.517000,-61.185,26.308,-237.220,-15.708,-412.621,-306.916,4.500,-16.240,-8.220
750,55660.535000,-61.185,27.320,-237.220,-17.639,-415.506,-306.878,7.500,0.760,-8.220
751,55660.554000,-57.270,26.308,-236.232,-15.647,-415.521,-308.882,11.500,2.760,-2.220
752,55660.576000,-57.270,27.320,-238.208,-13.707,-415.540,-307.932,11.500,-10.240,2.780
753,55660.593000,-60.207,24.285,-237.220,-13.715,-418.444,-305.960,15.500,-11.240,8.780
754,55660.619000,-62.164,26.308,-233.266,-18.556,-416.461,-309.814,15.500,10.760,12.780
755,55660.639000,-60.207,23.273,-234.255,-20.540,-413.541,-309.782,13.500,15.760,14.780
756,55660.660000,-59.228,25.296,-234.255,-8.806,-414.616,-309.004,2.500,3.760,14.780
757,55660.685000,-62.164,24.285,-233.266,-12.807,-414.586,-304.011,-5.500,-10.240,5.780
758,55660.704000,-64.122,25.296,-235.243,-13.821,-410.707,-303.998,-9.500,13.760,0.780
759,55660.723000,-60.207,25.296,-238.208,-15.690,-414.556,-306.914,-7.500,21.760,-5.220
760,55660.754000,-58.249,25.296,-235.243,-14.695,-414.564,-307.916,-7.500,-3.240,-10.220
761,55660.761000,-61.185,23.273,-237.220,-17.552,-415.501,-311.802,-9.500,-7.240,-7.220
762,55660.782000,-62.164,25.296,-238.208,-17.682,-412.604,-305.896,-5.500,1.760,-6.220
763,55660.805000,-60.207,23.273,-240.185,-14.677,-416.499,-307.914,-4.500,-18.240,-9.220
764,55660.821000,-62.164,26.308,-239.197,-13.725,-413.605,-307.934,-1.500,-18.240,-10.220
765,55660.843000,-62.164,24.285,-238.208,-11.716,-415.556,-309.936,3.500,-0.240,-10.220
766,55660.856000,-61.185,24.285,-238.208,-14.712,-412.629,-307.918,3.500,3.760,-15.220
767,55660.884000,-61.185,23.273,-239.197,-13.664,-414.570,-310.887,0.500,6.760,-18.220
768,55660.893000,-57.270,23.273,-239.197,-11.751,-413.622,-308.953,-0.500,-4.240,-17.220
769,55660.921000,-59.228,24.285,-239.197,-10.790,-413.632,-307.986,0.500,-13.240,-13.220
770,55660.947000,-59.228,25.296,-239.197,-16.652,-412.610,-308.868,7.500,-12.240,-4.220
771,55660.963000,-59.228,26.308,-238.208,-9.784,-416.543,-308.000,15.500,-7.240,1.780
772,55660.985000,-58.249,24.285,-236.232,-12.763,-415.551,-305.980,16.500,-6.240,8.780
773,55661.5000,-59.228,23.273,-237.220,-13.733,-414.574,-306.948,14.500,4.760,11.780
774,55661.33000,-58.249,26.308,-236.232,-13.690,-415.539,-308.917,11.500,-10.240,11.780
775,55661.50000,-60.207,24.285,-236.232,-11.742,-414.590,-308.952,9.500,-22.240,10.780
776,55661.72000,-63.143,24.285,-236.232,-12.686,-414.579,-310.905,12.500,-3.240,9.780
777,55661.95000,-64.122,24.285,-234.255,-19.570,-414.518,-308.814,13.500,19.760,6.780
778,55661.134000,-60.207,22.261,-233.266,-10.711,-414.596,-311.924,5.500,14.760,2.780
779,55661.136000,-58.249,20.237,-234.255,-15.690,-416.492,-305.927,-4.500,-21.240,-0.220
780,55661.163000,-60.207,23.273,-238.208,-6.883,-416.572,-306.083,-9.500,-37.240,-9.220
781,55661.177000,-67.059,23.273,-237.220,-16.687,-412.612,-306.898,-6.500,-29.240,-15.220
782,55661.181000,-60.207,25.296,-239.197,-15.604,-414.551,-311.837,-3.500,9.760,-17.220
783,55661.214000,-57.270,25.296,-238.208,-15.682,-413.588,-307.899,-4.500,18.760,-13.220
784,55661.231000,-62.164,24.285,-238.208,-13.769,-410.704,-306.952,1.500,-16.240,-10.220
785,55661.250000,-64.122,24.285,-236.232,-7.819,-415.593,-309.021,8.500,-0.240,-3.220
786,55661.271000,-59.228,24.285,-236.232,-6.779,-418.502,-311.004,10.500,24.760,2.780
787,55661.289000,-59.228,23.273,-234.255,-8.790,-412.680,-310.976,10.500,10.760,2.780
788,55661.311000,-61.185,23.273,-231.290,-12.764,-411.679,-307.953,4.500,2.760,2.780
789,55661.331000,-59.228,23.273,-233.266,-16.643,-415.513,-307.880,-0.500,6.760,8.780
790,55661.364000,-61.185,22.261,-233.266,-14.677,-416.499,-307.914,-4.500,3.760,6.780
791,55661.379000,-62.164,22.261,-235.243,-8.789,-416.551,-309.002,-11.500,-4.240,3.780
792,55661.401000,-62.164,25.296,-235.243,-15.708,-412.621,-306.916,-15.500,-15.240,-3.220
793,55661.424000,-61.185,23.273,-238.208,-16.547,-416.476,-312.803,-19.500,-35.240,-9.220
794,55661.446000,-62.164,23.273,-237.220,-10.807,-413.633,-307.001,-23.500,-68.240,-17.220
795,55661.479000,-68.038,25.296,-238.208,-10.772,-415.567,-307.984,-24.500,-59.240,-19.220
796,55661.498000,-69.017,24.285,-241.174,-11.811,-416.529,-304.027,-20.500,21.760,-17.220
797,55661.506000,-59.228,24.285,-243.151,-14.695,-414.564,-307.916,-12.500,57.760,-22.220
798,55661.524000,-58.249,27.320,-242.162,-9.811,-413.641,-308.003,-7.500,41.760,-29.220
799,55661.546000,-59.228,25.296,-240.185,-10.780,-416.535,-306.998,-1.500,7.760,-32.220
800,55661.565000,-58.249,25.296,-240.185,-10.772,-415.567,-307.984,4.500,16.760,-21.220
801,55661.585000,-55.312,26.308,-239.197,-10.755,-413.630,-309.955,9.500,12.760,-16.220
802,55661.608000,-58.249,24.285,-236.232,-13.602,-419.406,-311.867,12.500,6.760,-10.220
803,55661.629000,-57.270,22.261,-237.220,-11.733,-415.557,-308.951,11.500,17.760,-0.220
804,55661.648000,-58.249,24.285,-237.220,-12.703,-414.580,-309.920,11.500,18.760,1.780
805,55661.670000,-59.228,24.285,-235.243,-5.844,-417.545,-309.053,8.500,18.760,-4.220
806,55661.693000,-57.270,22.261,-236.232,-9.707,-415.571,-312.925,3.500,19.760,-7.220
807,55661.710000,-55.312,22.261,-236.232,-13.699,-412.636,-309.904,-1.500,4.760,-9.220
808,55661.727000,-57.270,24.285,-235.243,-10.693,-418.466,-310.935,-6.500,-13.240,-9.220
809,55661.750000,-61.185,23.273,-236.232,-7.855,-411.723,-309.024,-7.500,-1.240,-8.220
810,55661.788000,-58.249,22.261,-236.232,-9.759,-413.638,-310.957,-8.500,12.760,-5.220
811,55661.801000,-56.291,23.273,-238.208,-4.901,-413.684,-309.074,-9.500,-4.240,-0.220
812,55661.824000,-58.249,24.285,-239.197,-14.651,-415.529,-309.884,-5.500,-21.240,3.780
813,55661.830000,-59.228,25.296,-237.220,-10.728,-416.532,-309.952,0.500,-12.240,7.780
814,55661.844000,-60.207,24.285,-237.220,-13.690,-415.539,-308.917,1.500,2.760,9.780
815,55661.866000,-58.249,23.273,-237.220,-9.742,-413.637,-311.942,-1.500,2.760,8.780
816,55661.894000,-58.249,23.273,-239.197,-10.728,-416.532,-309.952,-10.500,-18.240,5.780
817,55661.911000,-60.207,23.273,-238.208,-8.781,-413.647,-310.975,-8.500,-26.240,4.780
818,55661.934000,-63.143,23.273,-238.208,-9.758,-417.510,-308.984,-3.500,3.760,10.780
819,55661.956000,-59.228,24.285,-240.185,-15.657,-410.682,-310.857,3.500,26.760,13.780
820,55661.981000,-57.270,24.285,-239.197,-8.780,-417.518,-309.001,9.500,9.760,12.780
821,55661.996000,-59.228,25.296,-238.208,-9.725,-413.636,-312.927,12.500,2.760,14.780
822,55662.23000,-60.207,24.285,-237.220,-7.863,-412.691,-308.039,11.500,16.760,20.780
823,55662.55000,-59.228,25.296,-237.220,-15.569,-416.485,-312.820,14.500,14.760,20.780
824,55662.84000,-58.249,25.296,-236.232,-10.773,-411.695,-309.957,14.500,-8.240,18.780
825,55662.86000,-63.143,21.249,-237.220,-8.824,-414.617,-308.019,16.500,-13.240,18.780
826,55662.105000,-63.143,22.261,-238.208,-15.682,-415.523,-306.913,12.500,-8.240,16.780
827,55662.118000,-61.185,23.273,-236.232,-8.806,-414.616,-309.004,5.500,-25.240,6.780
828,55662.140000,-64.122,22.261,-235.243,-13.682,-414.571,-309.902,-0.500,-23.240,-1.220
829,55662.163000,-62.164,21.249,-237.220,-8.797,-415.584,-309.003,-4.500,-14.240,-7.220
830,55662.183000,-61.185,24.285,-235.243,-10.746,-414.598,-309.954,-4.500,-20.240,-12.220
831,55662.205000,-61.185,24.285,-236.232,-11.812,-412.658,-306.000,-2.500,-19.240,-9.220
832,55662.226000,-58.249,22.261,-235.243,-8.790,-412.680,-310.976,-2.500,-25.240,-6.220
833,55662.243000,-58.249,20.237,-235.243,-6.858,-415.602,-308.053,-9.500,-52.240,1.780
834,55662.270000,-59.228,22.261,-234.255,-12.746,-415.550,-306.965,-13.500,-66.240,-1.220
835,55662.286000,-62.164,24.285,-235.243,-12.737,-418.453,-305.977,-15.500,-60.240,-10.220
836,55662.310000,-64.122,24.285,-237.220,-11.724,-418.460,-307.964,-14.500,-5.240,-7.220
837,55662.335000,-60.207,24.285,-238.208,-13.750,-416.511,-304.977,-12.500,3.760,-3.220
838,55662.350000,-61.185,25.296,-237.220,-3.956,-417.567,-305.149,-6.500,-20.240,-1.220
839,55662.373000,-64.122,25.296,-239.197,-7.887,-421.404,-302.121,-0.500,-14.240,2.780
840,55662.389000,-61.185,23.273,-238.208,-10.797,-418.472,-305.027,4.500,10.760,9.780
841,55662.410000,-59.228,23.273,-239.197,-9.776,-415.575,-308.986,5.500,9.760,11.780
842,55662.438000,-62.164,23.273,-236.232,-4.935,-417.558,-305.131,5.500,-15.240,13.780
843,55662.455000,-63.143,23.273,-236.232,-15.681,-417.459,-305.926,4.500,-20.240,15.780
844,55662.473000,-64.122,20.237,-237.220,-9.741,-417.509,-309.969,6.500,-19.240,8.780
845,55662.479000,-63.143,22.261,-238.208,-10.814,-420.409,-303.055,1.500,-33.240,-3.220
846,55662.511000,-67.059,23.273,-238.208,-14.703,-417.468,-305.943,-0.500,-37.240,-8.220
847,55662.534000,-64.122,24.285,-235.243,-10.779,-420.407,-305.025,-2.500,3.760,-3.220
848,55662.576000,-61.185,24.285,-236.232,-12.781,-415.552,-304.995,1.500,3.760,-3.220
849,55662.590000,-61.185,22.261,-236.232,-9.740,-419.444,-308.982,0.500,-6.240,-1.220
850,55662.599000,-64.122,24.285,-236.232,-9.906,-414.614,-302.094,-0.500,-20.240,4.780
851,55662.613000,-66.080,24.285,-234.255,-12.728,-419.421,-305.976,5.500,-0.240,5.780
852,55662.636000,-63.143,22.261,-236.232,-10.823,-417.506,-304.043,8.500,14.760,1.780
853,55662.653000,-60.207,23.273,-235.243,-6.848,-418.506,-307.065,4.500,6.760,0.780
854,55662.678000,-64.122,24.285,-234.255,-7.870,-417.531,-305.080,-2.500,-16.240,3.780
855,55662.695000,-63.143,22.261,-237.220,-12.693,-419.419,-307.945,-4.500,-7.240,4.780
856,55662.715000,-63.143,22.261,-235.243,-11.820,-413.626,-305.014,-3.500,2.760,1.780
857,55662.736000,-62.164,23.273,-236.232,-15.733,-415.526,-303.958,-5.500,5.760,2.780
858,55662.758000,-62.164,23.273,-236.232,-14.667,-419.402,-306.926,-6.500,3.760,1.780
859,55662.778000,-61.185,22.261,-236.232,-10.797,-416.536,-306.013,-4.500,-1.240,0.780
860,55662.799000,-63.143,23.273,-236.232,-8.831,-419.457,-305.060,-3.500,-4.240,-0.220
861,55662.815000,-63.143,22.261,-238.208,-14.755,-415.535,-303.976,-3.500,3.760,4.780
862,55662.833000,-61.185,23.273,-237.220,-11.740,-420.397,-305.992,-2.500,7.760,7.780
863,55662.860000,-60.207,23.273,-237.220,-13.733,-416.510,-305.961,-5.500,-7.240,5.780
864,55662.874000,-61.185,22.261,-238.208,-10.797,-418.472,-305.027,-7.500,-20.240,4.780
865,55662.896000,-64.122,24.285,-240.185,-17.682,-416.476,-303.923,-7.500,-7.240,-1.220
866,55662.929000,-65.101,25.296,-239.197,-16.633,-418.417,-306.892,-5.500,-0.240,-3.220
867,55662.948000,-63.143,25.296,-239.197,-12.746,-415.550,-306.965,1.500,4.760,-5.220
868,55662.966000,-63.143,23.273,-238.208,-8.857,-420.427,-303.090,8.500,4.760,1.780
869,55662.989000,-61.185,25.296,-237.220,-14.712,-414.565,-306.931,8.500,2.760,7.780
870,55663.13000,-61.185,23.273,-236.232,-9.732,-418.476,-309.968,6.500,-21.240,-2.220
871,55663.35000,-65.101,23.273,-238.208,-15.689,-420.363,-303.953,3.500,-26.240,-6.220
872,55663.54000,-65.101,24.285,-237.220,-14.720,-415.533,-305.945,1.500,-4.240,-7.220
873,55663.76000,-62.164,24.285,-236.232,-10.779,-420.407,-305.025,3.500,0.760,-7.220
874,55663.85000,-62.164,24.285,-237.220,-10.832,-418.474,-303.057,5.500,8.760,-2.220
875,55663.108000,-61.185,23.273,-239.197,-9.828,-415.578,-306.032,6.500,5.760,-0.220
876,55663.135000,-61.185,25.296,-236.232,-12.754,-418.454,-304.992,7.500,-10.240,-5.220
877,55663.150000,-62.164,24.285,-236.232,-16.607,-419.383,-307.876,6.500,-12.240,-10.220
878,55663.173000,-64.122,27.320,-234.255,-12.711,-417.484,-307.947,7.500,25.760,-4.220
879,55663.195000,-58.249,25.296,-234.255,-12.807,-414.586,-304.011,2.500,28.760,4.780
880,55663.215000,-59.228,24.285,-232.278,-6.875,-415.603,-307.068,1.500,10.760,9.780
881,55663.238000,-60.207,23.273,-232.278,-9.801,-418.480,-306.029,-8.500,-14.240,13.780
882,55663.270000,-60.207,23.273,-233.266,-7.861,-418.499,-305.079,-18.500,-42.240,5.780
883,55663.279000,-57.270,21.249,-235.243,-12.763,-417.487,-304.993,-26.500,-67.240,-1.220
884,55663.298000,-54.333,24.285,-237.220,-12.771,-420.391,-303.021,-38.500,-156.240,-4.220
885,55663.325000,-66.080,25.296,-237.220,-9.818,-420.417,-304.057,-30.500,-156.240,1.780
886,55663.345000,-78.807,25.296,-237.220,-9.861,-423.323,-300.115,-11.500,0.760,13.780
887,55663.360000,-69.017,24.285,-239.197,-11.827,-418.466,-302.055,3.500,106.760,17.780
888,55663.382000,-58.249,24.285,-241.174,-15.698,-417.460,-304.941,5.500,53.760,14.780
889,55663.397000,-56.291,25.296,-238.208,-11.801,-421.368,-302.052,2.500,-25.240,14.780
890,55663.420000,-64.122,24.285,-238.208,-15.706,-420.364,-302.969,-0.500,-38.240,19.780
891,55663.442000,-69.017,25.296,-240.185,-14.702,-421.340,-303.970,7.500,0.760,19.780
892,55663.460000,-69.017,26.308,-238.208,-13.715,-420.380,-304.973,12.500,22.760,18.780
893,55663.491000,-68.038,25.296,-238.208,-7.887,-419.468,-303.108,17.500,54.760,16.780
894,55663.506000,-63.143,25.296,-237.220,-15.689,-418.428,-304.940,16.500,29.760,11.780
895,55663.529000,-63.143,26.308,-237.220,-14.720,-417.469,-304.958,10.500,2.760,3.780
896,55663.541000,-64.122,26.308,-236.232,-12.762,-419.423,-304.006,5.500,-1.240,-4.220
897,55663.564000,-65.101,24.285,-235.243,-11.836,-417.499,-302.056,6.500,-9.240,-4.220
898,55663.591000,-64.122,24.285,-236.232,-11.749,-421.365,-305.006,9.500,-6.240,-1.220
899,55663.606000,-64.122,24.285,-235.243,-14.790,-415.537,-302.006,11.500,-6.240,0.780
900,55663.629000,-64.122,24.285,-234.255,-14.762,-420.375,-301.016,8.500,-10.240,-0.220
901,55663.644000,-65.101,23.273,-234.255,-13.750,-418.446,-303.990,7.500,-6.240,-4.220
902,55663.666000,-65.101,21.249,-235.243,-14.719,-419.405,-303.972,3.500,0.760,-6.220
903,55663.694000,-64.122,23.273,-234.255,-14.728,-418.437,-303.973,2.500,10.760,-8.220
904,55663.713000,-63.143,23.273,-235.243,-7.931,-416.567,-302.126,1.500,-1.240,-13.220
905,55663.755000,-62.164,24.285,-236.232,-10.788,-421.375,-304.039,0.500,-12.240,-15.220
906,55663.755000,-62.164,23.273,-236.232,-14.772,-415.536,-302.991,-2.500,-7.240,-8.220
907,55663.765000,-66.080,25.296,-236.232,-11.802,-417.497,-304.026,2.500,15.760,-2.220
908,55663.793000,-65.101,22.261,-234.255,-7.897,-414.629,-305.082,8.500,61.760,2.780
909,55663.816000,-57.270,21.249,-237.220,-12.789,-416.520,-304.009,6.500,59.760,1.780
910,55663.825000,-59.228,23.273,-234.255,-11.819,-415.562,-304.028,-3.500,-2.240,-4.220
911,55663.853000,-63.143,23.273,-234.255,-13.759,-415.543,-304.978,-5.500,-39.240,-7.220
912,55663.875000,-64.122,22.261,-234.255,-10.778,-424.278,-303.051,-8.500,-17.240,-2.220
913,55663.893000,-63.143,23.273,-239.197,-14.728,-418.437,-303.973,-10.500,3.760,2.780
914,55663.912000,-62.164,24.285,-238.208,-14.676,-418.434,-306.927,-8.500,2.760,-2.220
915,55663.930000,-62.164,23.273,-237.220,-12.736,-420.389,-304.990,-4.500,-1.240,-4.220
916,55663.958000,-61.185,24.285,-237.220,-10.832,-418.474,-303.057,-0.500,-4.240,-1.220
917,55663.978000,-64.122,24.285,-236.232,-8.822,-420.425,-305.059,1.500,-1.240,1.780
918,55664.34000,-62.164,23.273,-235.243,-15.690,-416.492,-305.927,0.500,4.760,6.780
919,55664.37000,-63.143,24.285,-236.232,-1.038,-419.530,-303.229,-1.500,9.760,3.780
920,55664.64000,-61.185,23.273,-235.243,-10.822,-421.377,-302.069,-5.500,18.760,1.780
921,55664.67000,-60.207,24.285,-238.208,-10.796,-420.408,-304.040,-10.500,-15.240,-1.220
922,55664.80000,-63.143,25.296,-238.208,-10.762,-420.406,-306.009,-9.500,-29.240,-1.220
923,55664.103000,-65.101,23.273,-239.197,-11.792,-420.400,-303.038,-4.500,3.760,-0.220
924,55664.125000,-63.143,24.285,-238.208,-17.638,-419.377,-304.905,0.500,22.760,-5.220
925,55664.135000,-62.164,24.285,-239.197,-16.685,-418.420,-303.938,4.500,11.760,-6.220
926,55664.149000,-64.122,25.296,-240.185,-10.814,-420.409,-303.055,6.500,16.760,-4.220
927,55664.174000,-65.101,24.285,-235.243,-8.832,-417.521,-306.047,15.500,60.760,4.780
928,55664.196000,-59.228,23.273,-237.220,-8.875,-416.556,-304.078,16.500,64.760,10.780
929,55664.219000,-57.270,24.285,-240.185,-13.760,-413.607,-305.964,16.500,4.760,4.780
930,55664.241000,-61.185,22.261,-236.232,-14.703,-415.532,-306.930,15.500,-7.240,4.780
931,55664.261000,-64.122,22.261,-236.232,-12.746,-417.486,-305.978,11.500,16.760,3.780
932,55664.284000,-61.185,23.273,-237.220,-15.751,-413.591,-303.960,7.500,14.760,-2.220
933,55664.306000,-61.185,24.285,-237.220,-14.711,-416.501,-305.944,5.500,-2.240,-12.220
934,55664.331000,-58.249,22.261,-236.232,-9.828,-413.642,-307.018,2.500,-11.240,-11.220
935,55664.346000,-58.249,23.273,-236.232,-11.672,-418.457,-310.918,-0.500,-31.240,-10.220
936,55664.369000,-61.185,24.285,-237.220,-15.742,-414.559,-303.959,1.500,-30.240,0.780
937,55664.396000,-62.164,23.273,-236.232,-14.686,-415.531,-307.915,6.500,-11.240,10.780
938,55664.415000,-59.228,23.273,-236.232,-8.876,-412.684,-306.052,8.500,3.760,14.780
939,55664.429000,-59.228,23.273,-236.232,-5.896,-419.484,-305.112,6.500,-14.240,10.780
940,55664.446000,-63.143,23.273,-234.255,-13.742,-415.542,-305.962,4.500,3.760,9.780
941,55664.460000,-63.143,21.249,-234.255,-9.732,-418.476,-309.968,-2.500,16.760,7.780
942,55664.479000,-61.185,22.261,-236.232,-13.663,-418.441,-308.914,-5.500,-2.240,1.780
943,55664.516000,-61.185,23.273,-236.232,-15.655,-418.426,-306.910,-7.500,-19.240,-0.220
944,55664.526000,-64.122,23.273,-236.232,-15.664,-417.458,-306.911,-5.500,-19.240,-2.220
945,55664.546000,-65.101,23.273,-239.197,-14.685,-417.467,-306.928,-3.500,-6.240,-0.220
946,55664.580000,-63.143,24.285,-237.220,-10.754,-415.566,-308.969,-3.500,-4.240,-1.220
947,55664.595000,-64.122,23.273,-237.220,-12.754,-416.518,-305.979,-3.500,-3.240,-7.220
948,55664.614000,-63.143,22.261,-237.220,-13.707,-415.540,-307.932,-4.500,-6.240,-10.220
949,55664.629000,-63.143,24.285,-238.208,-10.780,-416.535,-306.998,-4.500,-18.240,-14.220
950,55664.645000,-65.101,23.273,-238.208,-8.788,-418.487,-308.016,-0.500,-2.240,-15.220
951,55664.674000,-62.164,23.273,-238.208,-11.767,-419.431,-305.008,0.500,-0.240,-16.220
952,55664.694000,-60.207,24.285,-238.208,-16.668,-416.483,-305.910,3.500,-8.240,-17.220
953,55664.716000,-62.164,24.285,-237.220,-11.733,-415.557,-308.951,8.500,-2.240,-11.220
954,55664.739000,-60.207,21.249,-237.220,-11.785,-415.560,-305.997,13.500,14.760,-6.220
955,55664.759000,-57.270,23.273,-236.232,-10.806,-415.569,-306.014,9.500,2.760,-4.220
956,55664.786000,-61.185,21.249,-235.243,-8.867,-413.652,-306.051,7.500,-12.240,-7.220
957,55664.808000,-59.228,21.249,-235.243,-6.883,-416.572,-306.083,6.500,11.760,-6.220
958,55664.830000,-59.228,23.273,-238.208,-9.888,-416.549,-302.092,3.500,3.760,-4.220
959,55664.837000,-60.207,20.237,-236.232,-11.820,-413.626,-305.014,5.500,-14.240,0.780
960,55664.864000,-63.143,22.261,-235.243,-7.879,-416.564,-305.081,8.500,-9.240,2.780
961,55664.883000,-60.207,21.249,-237.220,-7.853,-417.530,-306.064,10.500,15.760,7.780
962,55664.903000,-58.249,20.237,-238.208,-5.957,-416.584,-303.146,6.500,12.760,8.780
963,55664.920000,-62.164,20.237,-239.197,-12.711,-417.484,-307.947,-0.500,-14.240,4.780
964,55664.941000,-63.143,20.237,-237.220,-9.802,-416.544,-307.015,-5.500,-18.240,4.780
965,55664.958000,-62.164,24.285,-237.220,-10.788,-419.439,-305.026,-0.500,-11.240,1.780
966,55664.983000,-64.122,23.273,-237.220,-10.797,-416.536,-306.013,5.500,1.760,3.780
967,55665.5000,-61.185,20.237,-235.243,-11.706,-420.395,-307.962,8.500,11.760,8.780
968,55665.27000,-60.207,20.237,-237.220,-6.857,-417.538,-307.066,5.500,-0.240,10.780
969,55665.48000,-63.143,21.249,-237.220,-4.883,-419.491,-307.099,-0.500,-30.240,7.780
970,55665.65000,-66.080,22.261,-236.232,-13.751,-414.575,-305.963,-5.500,-41.240,-1.220
971,55665.83000,-66.080,20.237,-239.197,-5.949,-413.680,-305.118,-2.500,-20.240,-8.220
972,55665.105000,-64.122,24.285,-239.197,-12.781,-415.552,-304.995,0.500,-1.240,-12.220
973,55665.118000,-62.164,22.261,-237.220,-6.910,-415.605,-305.099,4.500,2.760,-9.220
974,55665.136000,-62.164,21.249,-238.208,-8.805,-420.424,-306.044,6.500,-5.240,-4.220
975,55665.164000,-62.164,23.273,-236.232,-9.783,-420.415,-306.027,8.500,4.760,-2.220
976,55665.178000,-60.207,22.261,-235.243,-11.724,-418.460,-307.964,8.500,8.760,-4.220
977,55665.206000,-56.291,20.237,-232.278,-11.827,-418.466,-302.055,-0.500,0.760,-4.220
978,55665.226000,-55.312,20.237,-235.243,-13.689,-419.411,-306.943,-16.500,-45.240,-8.220
979,55665.263000,-63.143,22.261,-237.220,-7.923,-415.598,-303.112,-25.500,-72.240,-4.220
980,55665.291000,-67.059,22.261,-236.232,-9.774,-421.382,-306.026,-11.500,-4.240,4.780
981,55665.298000,-63.143,20.237,-238.208,-8.779,-421.390,-307.028,3.500,57.760,16.780
982,55665.320000,-56.291,23.273,-241.174,-11.741,-416.525,-307.966,12.500,21.760,19.780
983,55665.340000,-62.164,21.249,-239.197,-0.016,-420.505,-305.215,10.500,-15.240,19.780
984,55665.358000,-68.038,20.237,-235.243,-8.822,-420.425,-305.059,4.500,4.760,15.780
985,55665.380000,-63.143,20.237,-240.185,-9.810,-417.513,-306.030,0.500,11.760,11.780
986,55665.400000,-64.122,20.237,-239.197,-12.763,-417.487,-304.993,-1.500,-6.240,-1.220
987,55665.415000,-64.122,22.261,-237.220,-10.796,-420.408,-304.040,0.500,-4.240,-8.220
988,55665.433000,-62.164,21.249,-237.220,-5.957,-416.584,-303.146,5.500,-2.240,-5.220
989,55665.453000,-61.185,22.261,-237.220,-11.706,-418.459,-308.948,8.500,-15.240,1.780
990,55665.471000,-62.164,23.273,-235.243,-16.703,-416.485,-303.940,7.500,-7.240,7.780
991,55665.494000,-61.185,20.237,-235.243,-6.892,-417.540,-305.097,4.500,1.760,10.780
992,55665.512000,-61.185,21.249,-235.243,-10.806,-415.569,-306.014,1.500,-14.240,2.780
993,55665.534000,-64.122,21.249,-237.220,-11.758,-420.398,-305.007,1.500,-16.240,1.780
994,55665.556000,-63.143,22.261,-239.197,-13.741,-419.414,-303.989,2.500,-4.240,3.780
995,55665.579000,-63.143,23.273,-237.220,-8.805,-418.488,-307.031,6.500,0.760,4.780
996,55665.598000,-63.143,21.249,-234.255,-10.806,-417.505,-305.028,7.500,11.760,4.780
997,55665.640000,-59.228,22.261,-236.232,-10.771,-417.503,-306.997,-0.500,-0.240,1.780
998,55665.654000,-58.249,22.261,-236.232,-8.840,-418.490,-305.061,-10.500,-31.240,-4.220
999,55665.668000,-63.143,23.273,-237.220,-8.822,-422.360,-304.073,-7.500,-16.240,-0.220
1000,55665.699000,-62.164,22.261,-238.208,-6.908,-421.413,-302.139,0.500,7.760,5.780
